,,,,,,,Playing Time,Playing Time,Playing Time,Playing Time,Performance,Performance,Performance,Performance,Performance,Performance,Performance,Per 90 Minutes,Per 90 Minutes,Per 90 Minutes,Per 90 Minutes,Per 90 Minutes,Expected,Expected,Expected,Expected,Per 90 Minutes,Per 90 Minutes,Per 90 Minutes,Per 90 Minutes,Per 90 Minutes,
Rk,Player,Nation,Pos,Squad,Age,Born,MP,Starts,Min,90s,Gls,Ast,G-PK,PK,PKatt,CrdY,CrdR,Gls,Ast,G+A,G-PK,G+A-PK,xG,npxG,xA,npxG+xA,xG,xA,xG+xA,npxG,npxG+xA,Matches
1,Luis Abram\1f462f95,pe PER,DF,Granada,25-323,1996,8,6,560,6.2,0,0,0,0,0,2,0,0.00,0.00,0.00,0.00,0.00,0.5,0.5,0.0,0.5,0.08,0.00,0.08,0.08,0.08,Matches
2,Marcos Acuña\81442ecb,ar ARG,DF,Sevilla,30-080,1991,17,13,1175,13.1,1,3,1,0,0,3,0,0.08,0.23,0.31,0.08,0.31,1.0,1.0,1.8,2.8,0.08,0.14,0.21,0.08,0.21,Matches
3,Martin Agirregabiria\355c883a,es ESP,DF,Alavés,25-251,1996,15,13,1224,13.6,0,1,0,0,0,3,0,0.00,0.07,0.07,0.00,0.07,0.1,0.1,0.9,1.0,0.01,0.07,0.07,0.01,0.07,Matches
4,Julen Agirrezabala\a2c1a8d3,es ESP,GK,Athletic Club,21-021,2000,4,4,360,4.0,0,0,0,0,0,0,0,0.00,0.00,0.00,0.00,0.00,0.0,0.0,0.0,0.0,0.00,0.00,0.00,0.00,0.00,Matches
5,Sergio Agüero\4d034881,ar ARG,FW,Barcelona,33-228,1988,4,2,151,1.7,1,0,1,0,0,0,0,0.60,0.00,0.60,0.60,0.60,1.1,1.1,0.3,1.3,0.64,0.16,0.80,0.64,0.80,Matches
6,Álvaro Aguirre\93b054dc,es ESP,FW,Rayo Vallecano,21-347,2000,1,0,9,0.1,0,0,0,0,0,0,0,0.00,0.00,0.00,0.00,0.00,0.0,0.0,0.0,0.0,0.00,0.00,0.00,0.00,0.00,Matches
7,Joseph Aidoo\18abe173,gh GHA,DF,Celta Vigo,26-109,1995,14,12,1044,11.6,0,0,0,0,0,1,0,0.00,0.00,0.00,0.00,0.00,0.1,0.1,0.0,0.1,0.01,0.00,0.01,0.01,0.01,Matches
8,Carlos Akapo\f2a68b97,gq EQG,DF,Cádiz,28-310,1993,11,8,776,8.6,0,0,0,0,0,3,0,0.00,0.00,0.00,0.00,0.00,0.2,0.2,0.1,0.3,0.02,0.01,0.03,0.02,0.03,Matches
9,Ilias Akhomach\b8bd60fe,es ESP,FW,Barcelona,17-275,2004,2,2,124,1.4,0,0,0,0,0,0,0,0.00,0.00,0.00,0.00,0.00,0.1,0.1,0.4,0.5,0.08,0.27,0.34,0.08,0.34,Matches
10,Paul Akouokou\31f5b89b,ci CIV,MF,Betis,24-027,1997,3,2,179,2.0,0,0,0,0,0,1,0,0.00,0.00,0.00,0.00,0.00,0.0,0.0,0.0,0.1,0.02,0.01,0.03,0.02,0.03,Matches
11,David Alaba\05439de2,at AUT,DF,Real Madrid,29-206,1992,19,19,1702,18.9,1,3,1,0,0,1,0,0.05,0.16,0.21,0.05,0.21,0.6,0.6,1.7,2.3,0.03,0.09,0.12,0.03,0.12,Matches
12,Tomás Alarcón\99ea2ddd,cl CHI,MF,Cádiz,22-362,1999,17,14,1236,13.7,0,1,0,0,0,5,0,0.00,0.07,0.07,0.00,0.07,1.0,1.0,1.1,2.1,0.07,0.08,0.15,0.07,0.15,Matches
13,Jordi Alba\4601e194,es ESP,DF,Barcelona,32-301,1989,14,14,1240,13.8,0,4,0,0,0,3,0,0.00,0.29,0.29,0.00,0.29,0.8,0.8,2.2,3.0,0.06,0.16,0.22,0.06,0.22,Matches
14,Raúl Albiol\4bd414c1,es ESP,DF,Villarreal,36-134,1985,15,15,1350,15.0,0,0,0,0,0,4,0,0.00,0.00,0.00,0.00,0.00,0.1,0.1,0.0,0.1,0.01,0.00,0.01,0.01,0.01,Matches
15,Paco Alcácer\a7a9d95a,es ESP,FW,Villarreal,28-139,1993,9,5,408,4.5,0,2,0,0,0,1,0,0.00,0.44,0.44,0.00,0.44,1.3,1.3,1.6,2.9,0.29,0.35,0.64,0.29,0.64,Matches
16,Omar Alderete\bb08bce9,py PAR,DF,Valencia,25-021,1996,17,16,1389,15.4,2,0,2,0,0,9,0,0.13,0.00,0.13,0.13,0.13,0.7,0.7,0.2,0.9,0.04,0.01,0.06,0.04,0.06,Matches
17,Iván Alejo\3d7e48ce,es ESP,MFFW,Cádiz,26-340,1995,6,2,289,3.2,0,0,0,0,0,2,0,0.00,0.00,0.00,0.00,0.00,0.0,0.0,0.1,0.2,0.02,0.04,0.05,0.02,0.05,Matches
18,Carles Aleñá\6c811eb7,es ESP,MFFW,Getafe,24-011,1998,19,19,1470,16.3,0,2,0,0,0,4,1,0.00,0.12,0.12,0.00,0.12,0.9,0.9,1.6,2.5,0.05,0.10,0.15,0.05,0.15,Matches
19,Mircea Alexandru Tirlea\683a1d81,ro ROU,DF,Alavés,21-294,2000,1,0,15,0.2,0,0,0,0,0,0,0,0.00,0.00,0.00,0.00,0.00,0.0,0.0,0.0,0.0,0.00,0.00,0.00,0.00,0.00,Matches
20,Hugo Álvarez\6f392eb8,es ESP,FW,Celta Vigo,36-209,1985,1,0,11,0.1,0,0,0,0,0,0,0,0.00,0.00,0.00,0.00,0.00,0.2,0.2,0.0,0.2,1.91,0.00,1.91,1.91,1.91,Matches
21,Yeray Álvarez\3ecc11d8,es ESP,DF,Athletic Club,26-357,1995,12,12,1080,12.0,0,0,0,0,0,4,0,0.00,0.00,0.00,0.00,0.00,0.3,0.3,0.1,0.4,0.03,0.00,0.03,0.03,0.03,Matches
22,Dani Alves\c9e99e49,br BRA,DF,Barcelona,38-255,1983,1,1,90,1.0,0,1,0,0,0,0,0,0.00,1.00,1.00,0.00,1.00,0.0,0.0,0.3,0.3,0.00,0.25,0.25,0.00,0.25,Matches
23,Emmanuel Amankwaa Akurugu\69c5633e,gh GHA,DF,Getafe,20-057,2001,3,1,79,0.9,0,1,0,0,0,0,0,0.00,1.14,1.14,0.00,1.14,0.0,0.0,0.0,0.1,0.04,0.05,0.08,0.04,0.08,Matches
24,Amath\f3b1d9a2,sn SEN,FWMF,Mallorca,25-184,1996,12,6,600,6.7,0,1,0,0,0,4,0,0.00,0.15,0.15,0.00,0.15,0.8,0.8,0.2,1.0,0.13,0.03,0.16,0.13,0.16,Matches
25,Florin Andone\dc008610,ro ROU,FW,Cádiz,28-280,1993,5,1,176,2.0,0,0,0,0,0,1,0,0.00,0.00,0.00,0.00,0.00,0.3,0.3,0.0,0.3,0.13,0.02,0.15,0.13,0.15,Matches
26,José Ángel\3024e383,es ESP,DF,Osasuna,32-133,1989,13,6,556,6.2,1,1,1,0,0,0,1,0.16,0.16,0.32,0.16,0.32,0.2,0.2,1.0,1.2,0.02,0.16,0.19,0.02,0.19,Matches
27,Josep Antoni Gayá\4a5f2032,es ESP,DF,Mallorca,21-193,2000,1,1,58,0.6,0,0,0,0,0,0,0,0.00,0.00,0.00,0.00,0.00,0.0,0.0,0.0,0.0,0.00,0.00,0.00,0.00,0.00,Matches
28,Mauro Arambarri\58afe001,uy URU,MF,Getafe,26-108,1995,16,16,1344,14.9,0,2,0,0,0,5,0,0.00,0.13,0.13,0.00,0.13,0.8,0.8,1.1,1.9,0.05,0.07,0.13,0.05,0.13,Matches
29,Néstor Araujo\27a013f7,mx MEX,DF,Celta Vigo,30-140,1991,17,13,1241,13.8,0,0,0,0,0,2,0,0.00,0.00,0.00,0.00,0.00,0.2,0.2,0.0,0.2,0.01,0.00,0.01,0.01,0.01,Matches
30,Ronald Araújo\2bef2bca,uy URU,DF,Barcelona,22-315,1999,15,10,1026,11.4,2,0,2,0,0,2,0,0.18,0.00,0.18,0.18,0.18,0.6,0.6,0.4,0.9,0.05,0.03,0.08,0.05,0.08,Matches
31,Jesús Areso\94e01ec6,es ESP,DF,Osasuna,22-198,1999,2,2,172,1.9,0,0,0,0,0,1,0,0.00,0.00,0.00,0.00,0.00,0.0,0.0,0.0,0.0,0.00,0.03,0.03,0.00,0.03,Matches
32,Santiago Arias\fdd60087,co COL,DF,Granada,30-003,1992,8,3,327,3.6,1,0,1,0,0,1,0,0.28,0.00,0.28,0.28,0.28,0.6,0.6,0.2,0.8,0.17,0.05,0.22,0.17,0.22,Matches
33,Santiago Arzamendia\759d8dd7,py PAR,MF,Cádiz,23-256,1998,8,4,316,3.5,1,0,1,0,0,1,0,0.28,0.00,0.28,0.28,0.28,0.1,0.1,0.0,0.1,0.02,0.00,0.02,0.02,0.02,Matches
34,Sergio Asenjo\9f0ea33f,es ESP,GK,Villarreal,32-202,1989,2,2,180,2.0,0,0,0,0,0,0,0,0.00,0.00,0.00,0.00,0.00,0.0,0.0,0.0,0.0,0.00,0.00,0.00,0.00,0.00,Matches
35,Marco Asensio\45af8a54,es ESP,FWMF,Real Madrid,25-360,1996,17,10,904,10.0,5,0,5,0,0,0,0,0.50,0.00,0.50,0.50,0.50,3.8,3.8,1.3,5.1,0.38,0.13,0.51,0.38,0.51,Matches
36,Iago Aspas\7dcf86f6,es ESP,FW,Celta Vigo,34-168,1987,19,18,1509,16.8,10,2,8,2,4,7,0,0.60,0.12,0.72,0.48,0.60,7.8,4.7,3.6,8.3,0.47,0.22,0.68,0.28,0.49,Matches
37,Ludwig Augustinsson\9fec8860,se SWE,DF,Sevilla,27-270,1994,10,5,443,4.9,0,1,0,0,0,1,0,0.00,0.20,0.20,0.00,0.20,0.0,0.0,0.2,0.2,0.01,0.04,0.04,0.01,0.04,Matches
38,Serge Aurier\5c2b4f07,ci CIV,DF,Villarreal,29-023,1992,6,3,334,3.7,0,1,0,0,0,1,0,0.00,0.27,0.27,0.00,0.27,0.3,0.3,0.8,1.1,0.09,0.22,0.31,0.09,0.31,Matches
39,Ezequiel Ávila\253a06b9,ar ARG,FW,Osasuna,27-344,1994,19,7,710,7.9,3,0,3,0,0,5,1,0.38,0.00,0.38,0.38,0.38,1.6,1.6,0.6,2.2,0.20,0.08,0.28,0.20,0.28,Matches
40,Iddrisu Baba\bfd381b3,gh GHA,MF,Mallorca,25-359,1996,17,15,1314,14.6,2,0,2,0,0,7,0,0.14,0.00,0.14,0.14,0.14,1.3,1.3,0.2,1.5,0.09,0.01,0.10,0.09,0.10,Matches
41,Carlos Bacca\09a9e921,co COL,FW,Granada,35-130,1986,13,4,475,5.3,0,1,0,0,0,3,0,0.00,0.19,0.19,0.00,0.19,0.7,0.7,0.5,1.1,0.12,0.09,0.21,0.12,0.21,Matches
42,Édgar Badía\e4346678,es ESP,GK,Elche,29-338,1992,8,8,720,8.0,0,0,0,0,0,0,0,0.00,0.00,0.00,0.00,0.00,0.0,0.0,0.0,0.0,0.00,0.00,0.00,0.00,0.00,Matches
43,Miguel Baeza\a98f3cbf,es ESP,DF,Celta Vigo,21-295,2000,1,0,2,0.0,0,0,0,0,0,0,0,0.00,0.00,0.00,0.00,0.00,0.0,0.0,0.0,0.0,0.00,0.00,0.00,0.00,0.00,Matches
44,Alejandro Balde\5ccc9672,es ESP,FWDF,Barcelona,18-090,2003,4,1,99,1.1,0,0,0,0,0,0,0,0.00,0.00,0.00,0.00,0.00,0.0,0.0,0.1,0.1,0.00,0.05,0.05,0.00,0.05,Matches
45,Gareth Bale\a58bb1e1,wls WAL,FW,Real Madrid,32-184,1989,3,3,190,2.1,1,0,1,0,0,1,0,0.47,0.00,0.47,0.47,0.47,0.4,0.4,0.0,0.4,0.17,0.02,0.19,0.17,0.19,Matches
46,Mikel Balenziaga\1fe67e86,es ESP,DF,Athletic Club,33-321,1988,17,17,1450,16.1,0,0,0,0,0,1,0,0.00,0.00,0.00,0.00,0.00,0.1,0.1,0.4,0.5,0.01,0.02,0.03,0.01,0.03,Matches
47,Iván Balliu\cee88597,al ALB,DF,Rayo Vallecano,30-015,1992,19,19,1710,19.0,1,1,1,0,0,6,0,0.05,0.05,0.11,0.05,0.11,0.4,0.4,1.6,2.0,0.02,0.08,0.10,0.02,0.10,Matches
48,Barbero\981c1863,es ESP,FWMF,Osasuna,23-152,1998,4,0,14,0.2,0,0,0,0,0,0,0,0.00,0.00,0.00,0.00,0.00,0.0,0.0,0.0,0.0,0.00,0.11,0.11,0.00,0.11,Matches
49,Enis Bardhi\cac2537b,mk MKD,MF,Levante,26-198,1995,14,9,845,9.4,3,2,1,2,2,2,0,0.32,0.21,0.53,0.11,0.32,3.0,1.5,1.1,2.6,0.32,0.12,0.44,0.16,0.28,Matches
50,Keidi Bare\03049c8c,al ALB,MF,Espanyol,24-141,1997,14,8,759,8.4,0,1,0,0,0,5,0,0.00,0.12,0.12,0.00,0.12,0.2,0.2,0.8,0.9,0.02,0.09,0.11,0.02,0.11,Matches
51,Kike Barja\aad53e64,es ESP,MFFW,Osasuna,24-290,1997,10,7,558,6.2,1,0,1,0,0,1,0,0.16,0.00,0.16,0.16,0.16,1.0,1.0,0.6,1.6,0.16,0.10,0.26,0.16,0.26,Matches
52,Antonio Barragán\487d9b09,es ESP,DF,Elche,34-218,1987,8,6,496,5.5,0,0,0,0,0,2,0,0.00,0.00,0.00,0.00,0.00,0.0,0.0,0.0,0.0,0.00,0.00,0.00,0.00,0.00,Matches
53,Ander Barrenetxea\200e89e1,es ESP,FWMF,Real Sociedad,20-020,2001,11,6,547,6.1,1,1,1,0,0,0,0,0.16,0.16,0.33,0.16,0.33,0.4,0.4,1.0,1.4,0.06,0.17,0.23,0.06,0.23,Matches
54,Marc Bartra\b742cc0d,es ESP,DF,Betis,31-001,1991,9,9,733,8.1,0,0,0,0,0,0,0,0.00,0.00,0.00,0.00,0.00,0.5,0.5,0.1,0.5,0.06,0.01,0.06,0.06,0.06,Matches
55,Álvaro Bastida\42a028c5,es ESP,MF,Cádiz,17-249,2004,6,2,197,2.2,0,0,0,0,0,1,0,0.00,0.00,0.00,0.00,0.00,0.0,0.0,0.0,0.0,0.00,0.00,0.00,0.00,0.00,Matches
56,Rodrigo Battaglia\d637fc22,ar ARG,MF,Mallorca,30-188,1991,14,6,582,6.5,0,0,0,0,0,2,0,0.00,0.00,0.00,0.00,0.00,0.1,0.1,0.1,0.2,0.02,0.01,0.03,0.02,0.03,Matches
57,Jon Bautista\debc6b55,es ESP,FWMF,Real Sociedad,26-197,1995,1,0,45,0.5,0,0,0,0,0,0,0,0.00,0.00,0.00,0.00,0.00,0.0,0.0,0.0,0.0,0.06,0.00,0.06,0.06,0.06,Matches
58,Bebé\d8712bf9,pt POR,FWMF,Rayo Vallecano,31-188,1990,16,1,355,3.9,0,2,0,0,0,1,0,0.00,0.51,0.51,0.00,0.51,0.6,0.6,1.5,2.2,0.16,0.38,0.55,0.16,0.55,Matches
59,Héctor Bellerín\f874dd44,es ESP,DF,Betis,26-303,1995,13,13,1146,12.7,0,2,0,0,0,0,1,0.00,0.16,0.16,0.00,0.16,0.2,0.2,1.7,1.8,0.01,0.13,0.14,0.01,0.14,Matches
60,Fran Beltrán\ed5c5fa3,es ESP,MF,Celta Vigo,22-347,1999,20,14,1218,13.5,0,0,0,0,0,2,0,0.00,0.00,0.00,0.00,0.00,0.2,0.2,0.4,0.6,0.01,0.03,0.04,0.01,0.04,Matches
61,Darío Benedetto\bef0a7ac,ar ARG,FW,Elche,31-244,1990,14,6,590,6.6,2,1,2,0,0,1,0,0.31,0.15,0.46,0.31,0.46,2.7,2.7,0.9,3.6,0.41,0.14,0.56,0.41,0.56,Matches
62,Pedro Benito\a7416105,es ESP,FW,Cádiz,21-295,2000,1,0,31,0.3,0,0,0,0,0,0,0,0.00,0.00,0.00,0.00,0.00,0.0,0.0,0.0,0.0,0.00,0.00,0.00,0.00,0.00,Matches
63,Karim Benzema\70d74ece,fr FRA,FW,Real Madrid,34-028,1987,20,20,1646,18.3,17,7,15,2,2,0,0,0.93,0.38,1.31,0.82,1.20,10.5,9.0,5.4,14.4,0.57,0.29,0.87,0.49,0.78,Matches
64,Álex Berenguer\dc1c2fce,es ESP,MF,Athletic Club,26-196,1995,19,13,1095,12.2,0,2,0,0,1,3,0,0.00,0.16,0.16,0.00,0.16,2.7,1.9,2.2,4.1,0.22,0.18,0.40,0.16,0.34,Matches
65,Pedro Bigas\697295b1,es ESP,DF,Elche,31-123,1990,10,10,817,9.1,0,0,0,0,0,2,0,0.00,0.00,0.00,0.00,0.00,0.2,0.2,0.1,0.3,0.02,0.01,0.04,0.02,0.04,Matches
66,Blanco\506daeac,es ESP,MF,Real Madrid,21-177,2000,1,0,31,0.3,0,0,0,0,0,0,0,0.00,0.00,0.00,0.00,0.00,0.0,0.0,0.0,0.0,0.00,0.00,0.00,0.00,0.00,Matches
67,Yassine Bounou\f6798fc3,ma MAR,GK,Sevilla,30-286,1991,17,17,1530,17.0,0,1,0,0,0,1,0,0.00,0.06,0.06,0.00,0.06,0.0,0.0,0.5,0.5,0.00,0.03,0.03,0.00,0.03,Matches
68,Lucas Boyé\d49f3e6b,ar ARG,FW,Elche,25-322,1996,15,14,1156,12.8,5,1,5,0,0,2,0,0.39,0.08,0.47,0.39,0.47,3.4,3.4,1.2,4.6,0.27,0.09,0.36,0.27,0.36,Matches
69,Martin Braithwaite\fd771f95,dk DEN,FW,Barcelona,30-225,1991,3,3,224,2.5,2,1,2,0,0,0,0,0.80,0.40,1.21,0.80,1.21,1.0,1.0,1.3,2.3,0.42,0.50,0.92,0.42,0.92,Matches
70,Darko Brašanac\4accb7e0,rs SRB,MF,Osasuna,29-338,1992,19,15,1369,15.2,0,1,0,0,0,3,0,0.00,0.07,0.07,0.00,0.07,0.8,0.8,1.1,1.8,0.05,0.07,0.12,0.05,0.12,Matches
71,Claudio Bravo\10072610,cl CHI,GK,Betis,38-278,1983,7,7,630,7.0,0,0,0,0,0,1,0,0.00,0.00,0.00,0.00,0.00,0.0,0.0,0.2,0.2,0.00,0.02,0.02,0.00,0.02,Matches
72,Yan Brice Eteki\3d688b46,cm CMR,MF,Granada,24-143,1997,6,1,131,1.5,0,0,0,0,0,1,0,0.00,0.00,0.00,0.00,0.00,0.0,0.0,0.0,0.0,0.02,0.00,0.02,0.02,0.02,Matches
73,Ante Budimir\8f3565b3,hr CRO,FW,Osasuna,30-178,1991,10,5,449,5.0,2,0,1,1,1,1,0,0.40,0.00,0.40,0.20,0.20,2.2,1.6,0.2,1.8,0.45,0.04,0.49,0.33,0.37,Matches
74,Sergio Busquets\5ab0ea87,es ESP,MF,Barcelona,33-184,1988,19,19,1672,18.6,1,0,1,0,0,5,0,0.05,0.00,0.05,0.05,0.05,0.2,0.2,0.9,1.1,0.01,0.05,0.06,0.01,0.06,Matches
75,Adrián Butzke\505dce2b,es ESP,FW,Granada,22-292,1999,1,0,1,0.0,0,0,0,0,0,0,0,0.00,0.00,0.00,0.00,0.00,0.0,0.0,0.0,0.0,0.00,0.00,0.00,0.00,0.00,Matches
76,Erick Cabaco\e7ab4179,uy URU,DF,Getafe,26-272,1995,6,3,239,2.7,0,1,0,0,0,3,1,0.00,0.38,0.38,0.00,0.38,0.0,0.0,0.4,0.4,0.00,0.13,0.13,0.00,0.13,Matches
77,Leandro Cabrera\69cbc8b6,uy URU,DF,Espanyol,30-213,1991,20,20,1800,20.0,1,0,1,0,0,4,0,0.05,0.00,0.05,0.05,0.05,0.9,0.9,0.1,1.0,0.04,0.01,0.05,0.04,0.05,Matches
78,Cala\fe05804b,es ESP,DF,Cádiz,32-051,1989,11,9,859,9.5,0,0,0,0,0,7,1,0.00,0.00,0.00,0.00,0.00,0.6,0.6,0.0,0.6,0.06,0.00,0.06,0.06,0.06,Matches
79,Calderón\da4e70e5,es ESP,DF,Betis,22-009,2000,1,0,65,0.7,0,0,0,0,0,0,0,0.00,0.00,0.00,0.00,0.00,0.0,0.0,0.1,0.1,0.00,0.19,0.19,0.00,0.19,Matches
80,Fernando Calero\41b3069f,es ESP,DF,Espanyol,26-124,1995,2,1,75,0.8,0,0,0,0,0,0,0,0.00,0.00,0.00,0.00,0.00,0.0,0.0,0.0,0.0,0.00,0.00,0.00,0.00,0.00,Matches
81,Víctor Camarasa\b2d03887,es ESP,MFFW,Betis,27-233,1994,5,0,93,1.0,0,0,0,0,0,0,0,0.00,0.00,0.00,0.00,0.00,0.0,0.0,0.0,0.0,0.02,0.00,0.02,0.02,0.02,Matches
82,Eduardo Camavinga\7b9c2d84,fr FRA,MF,Real Madrid,19-067,2002,14,5,516,5.7,1,0,1,0,0,4,0,0.17,0.00,0.17,0.17,0.17,0.8,0.8,0.4,1.2,0.15,0.07,0.21,0.15,0.21,Matches
83,José Campaña\61220da2,es ESP,MF,Levante,28-230,1993,13,12,1030,11.4,2,0,2,0,1,3,1,0.17,0.00,0.17,0.17,0.17,1.2,0.4,0.5,0.9,0.11,0.04,0.15,0.03,0.08,Matches
84,Sergio Canales\a6de370d,es ESP,FWMF,Betis,30-334,1991,19,18,1494,16.6,2,3,2,0,0,2,0,0.12,0.18,0.30,0.12,0.30,3.5,3.5,2.8,6.3,0.21,0.17,0.38,0.21,0.38,Matches
85,Álex Cantero\4aa253fd,es ESP,FWMF,Levante,21-222,2000,14,2,311,3.5,0,0,0,0,0,1,0,0.00,0.00,0.00,0.00,0.00,1.7,1.7,0.0,1.7,0.48,0.00,0.48,0.48,0.48,Matches
86,Étienne Capoue\5acc4a10,fr FRA,MF,Villarreal,33-189,1988,17,16,1356,15.1,0,0,0,0,0,4,0,0.00,0.00,0.00,0.00,0.00,0.2,0.2,0.2,0.4,0.01,0.01,0.03,0.01,0.03,Matches
87,Isaac Carcelen\c4b888df,es ESP,DFMF,Cádiz,28-268,1993,16,13,1121,12.5,0,0,0,0,0,0,0,0.00,0.00,0.00,0.00,0.00,0.2,0.2,0.3,0.5,0.01,0.03,0.04,0.01,0.04,Matches
88,Cárdenas\e1846dde,es ESP,GK,Levante,24-294,1997,9,9,810,9.0,0,0,0,0,0,1,0,0.00,0.00,0.00,0.00,0.00,0.0,0.0,0.0,0.0,0.00,0.00,0.00,0.00,0.00,Matches
89,Carlo\8249ff06,es ESP,MF,Villarreal,20-338,2001,1,0,7,0.1,0,0,0,0,0,0,0,0.00,0.00,0.00,0.00,0.00,0.0,0.0,0.0,0.0,0.00,0.00,0.00,0.00,0.00,Matches
90,Diego Carlos\b4a014b1,br BRA,DF,Sevilla,28-307,1993,19,19,1709,19.0,2,0,2,0,0,3,1,0.11,0.00,0.11,0.11,0.11,1.8,1.8,0.1,1.9,0.09,0.01,0.10,0.09,0.10,Matches
91,Yannick Carrasco\de39485a,be BEL,DFMF,Atlético Madrid,28-134,1993,19,17,1485,16.5,2,4,2,0,0,3,0,0.12,0.24,0.36,0.12,0.36,2.3,2.3,2.9,5.2,0.14,0.17,0.32,0.14,0.32,Matches
92,Guido Carrillo\8f898ba8,ar ARG,FWMF,Elche,30-236,1991,14,3,422,4.7,0,0,0,0,0,0,0,0.00,0.00,0.00,0.00,0.00,1.6,1.6,0.0,1.6,0.33,0.01,0.34,0.33,0.34,Matches
93,Dani Carvajal\4958bfb2,es ESP,DF,Real Madrid,30-005,1992,12,9,764,8.5,1,0,1,0,0,1,0,0.12,0.00,0.12,0.12,0.12,0.4,0.4,0.8,1.2,0.05,0.09,0.14,0.05,0.14,Matches
94,William Carvalho\dee86451,pt POR,MF,Betis,29-284,1992,18,10,930,10.3,0,2,0,0,0,2,0,0.00,0.19,0.19,0.00,0.19,1.3,1.3,1.1,2.4,0.13,0.11,0.23,0.13,0.23,Matches
95,Casemiro\4d224fe8,br BRA,MF,Real Madrid,29-327,1992,19,18,1580,17.6,0,3,0,0,0,7,0,0.00,0.17,0.17,0.00,0.17,1.2,1.2,1.7,2.9,0.07,0.10,0.16,0.07,0.16,Matches
96,Kiko Casilla\58bc7d18,es ESP,GK,Elche,35-106,1986,12,12,1080,12.0,0,0,0,0,0,3,0,0.00,0.00,0.00,0.00,0.00,0.0,0.0,0.1,0.1,0.00,0.01,0.01,0.00,0.01,Matches
97,Catena\274ab13c,es ESP,DF,Rayo Vallecano,27-080,1994,19,19,1710,19.0,1,1,1,0,0,3,0,0.05,0.05,0.11,0.05,0.11,1.1,1.1,0.6,1.7,0.06,0.03,0.09,0.06,0.09,Matches
98,Dani Ceballos\c0617e2b,es ESP,MF,Real Madrid,25-162,1996,1,0,21,0.2,0,0,0,0,0,0,0,0.00,0.00,0.00,0.00,0.00,0.0,0.0,0.0,0.0,0.00,0.00,0.00,0.00,0.00,Matches
99,Franco Cervi\5e1028e5,ar ARG,MF,Celta Vigo,27-235,1994,19,8,840,9.3,1,1,1,0,0,1,0,0.11,0.11,0.21,0.11,0.21,1.0,1.0,0.9,1.9,0.11,0.09,0.20,0.11,0.20,Matches
100,Chapela\9ed40a69,es ESP,MFFW,Cádiz,22-240,1999,9,4,398,4.4,0,0,0,0,0,0,0,0.00,0.00,0.00,0.00,0.00,0.1,0.1,0.2,0.2,0.02,0.03,0.05,0.02,0.05,Matches
101,Chema\7f203b54,es ESP,MF,Getafe,29-319,1992,1,1,45,0.5,0,0,0,0,0,1,1,0.00,0.00,0.00,0.00,0.00,0.0,0.0,0.0,0.0,0.05,0.03,0.08,0.05,0.08,Matches
102,Denis Cheryshev\0ac94a23,ru RUS,MF,Valencia,31-021,1990,10,5,423,4.7,0,1,0,0,0,1,0,0.00,0.21,0.21,0.00,0.21,0.8,0.8,0.3,1.1,0.16,0.07,0.23,0.16,0.23,Matches
103,Samuel Chukwueze\b8a642fc,ng NGA,MF,Villarreal,22-239,1999,12,2,433,4.8,2,1,2,0,0,1,0,0.42,0.21,0.62,0.42,0.62,1.4,1.4,0.9,2.4,0.29,0.20,0.49,0.29,0.49,Matches
104,Víctor Chust\ec1a731e,es ESP,DF,Cádiz,21-317,2000,10,8,701,7.8,0,0,0,0,0,0,0,0.00,0.00,0.00,0.00,0.00,0.5,0.5,0.0,0.5,0.06,0.00,0.06,0.06,0.06,Matches
105,Jasper Cillessen\04ac8285,nl NED,GK,Valencia,32-269,1989,14,14,1260,14.0,0,1,0,0,0,1,0,0.00,0.07,0.07,0.00,0.07,0.0,0.0,0.0,0.0,0.00,0.00,0.00,0.00,0.00,Matches
106,Pathé Ciss\9a0408b6,sn SEN,MF,Rayo Vallecano,27-306,1994,15,6,513,5.7,1,1,1,0,0,3,0,0.18,0.18,0.35,0.18,0.35,0.9,0.9,0.3,1.2,0.16,0.06,0.22,0.16,0.22,Matches
107,Carlos Clerc\33a61a52,es ESP,DF,Levante,29-329,1992,16,16,1342,14.9,0,0,0,0,0,5,0,0.00,0.00,0.00,0.00,0.00,0.2,0.2,0.4,0.7,0.01,0.03,0.04,0.01,0.04,Matches
108,Coke\6d8f8441,es ESP,DF,Levante,34-265,1987,2,0,12,0.1,0,0,0,0,0,0,0,0.00,0.00,0.00,0.00,0.00,0.0,0.0,0.0,0.0,0.00,0.00,0.00,0.00,0.00,Matches
109,Álex Collado\85dace26,es ESP,MF,Granada,22-269,1999,1,0,23,0.3,0,0,0,0,0,0,0,0.00,0.00,0.00,0.00,0.00,0.0,0.0,0.0,0.0,0.00,0.11,0.11,0.00,0.11,Matches
110,Santi Comesaña\5ae499d0,es ESP,MF,Rayo Vallecano,25-103,1996,19,17,1465,16.3,1,2,1,0,0,5,0,0.06,0.12,0.18,0.06,0.18,2.1,2.1,1.6,3.7,0.13,0.10,0.23,0.13,0.23,Matches
111,Francis Coquelin\a6951bf8,fr FRA,MF,Villarreal,30-248,1991,13,6,567,6.3,1,1,1,0,0,2,0,0.16,0.16,0.32,0.16,0.32,0.2,0.2,0.5,0.7,0.04,0.08,0.12,0.04,0.12,Matches
112,Ángel Correa\01eb744d,ar ARG,FWMF,Atlético Madrid,26-313,1995,20,14,1162,12.9,7,4,7,0,0,2,0,0.54,0.31,0.85,0.54,0.85,3.8,3.8,2.7,6.5,0.29,0.21,0.50,0.29,0.50,Matches
113,Thierry Correia\c78b352d,pt POR,DF,Valencia,22-313,1999,7,6,478,5.3,0,0,0,0,0,2,0,0.00,0.00,0.00,0.00,0.00,0.0,0.0,0.6,0.6,0.00,0.12,0.12,0.00,0.12,Matches
114,Hélder Costa\f13d02a6,ao ANG,MFFW,Valencia,28-004,1994,14,10,890,9.9,0,1,0,0,0,2,0,0.00,0.10,0.10,0.00,0.10,0.3,0.3,1.5,1.7,0.03,0.15,0.18,0.03,0.18,Matches
115,Jaume Costa\808d48f3,es ESP,DF,Mallorca,33-304,1988,13,10,937,10.4,0,1,0,0,0,3,1,0.00,0.10,0.10,0.00,0.10,0.3,0.3,0.9,1.2,0.03,0.09,0.12,0.03,0.12,Matches
116,Thibaut Courtois\1840e36d,be BEL,GK,Real Madrid,29-250,1992,21,21,1890,21.0,0,0,0,0,0,1,0,0.00,0.00,0.00,0.00,0.00,0.0,0.0,0.0,0.0,0.00,0.00,0.00,0.00,0.00,Matches
117,Philippe Coutinho\0ef89a37,br BRA,MFFW,Barcelona,29-218,1992,12,5,503,5.6,2,0,1,1,1,1,0,0.36,0.00,0.36,0.18,0.18,2.8,2.0,0.3,2.4,0.50,0.06,0.56,0.36,0.42,Matches
118,Cristo\ad81ba78,es ESP,DF,Real Sociedad,21-261,2000,1,0,17,0.2,0,0,0,0,0,0,0,0.00,0.00,0.00,0.00,0.00,0.0,0.0,0.1,0.1,0.03,0.39,0.42,0.03,0.42,Matches
119,Juan Cruz Armada\a56da3ba,es ESP,DF,Osasuna,29-172,1992,9,8,732,8.1,0,0,0,0,0,2,0,0.00,0.00,0.00,0.00,0.00,0.2,0.2,0.0,0.2,0.02,0.00,0.02,0.02,0.02,Matches
120,Marc Cucurella\1daec722,es ESP,FWDF,Getafe,23-178,1998,1,0,23,0.3,0,0,0,0,0,0,0,0.00,0.00,0.00,0.00,0.00,0.1,0.1,0.1,0.1,0.22,0.23,0.45,0.22,0.45,Matches
121,Jorge Cuenca\0abc51f2,es ESP,DF,Getafe,22-060,1999,17,16,1427,15.9,1,0,1,0,0,2,0,0.06,0.00,0.06,0.06,0.06,0.4,0.4,0.1,0.4,0.02,0.00,0.03,0.02,0.03,Matches
122,Matheus Cunha\dc62b55d,br BRA,FW,Atlético Madrid,22-234,1999,16,3,445,4.9,3,1,3,0,0,3,0,0.61,0.20,0.81,0.61,0.81,2.4,2.4,0.8,3.2,0.49,0.16,0.65,0.49,0.65,Matches
123,Sergi Darder\070a3904,es ESP,MF,Espanyol,28-025,1993,18,18,1510,16.8,1,2,1,0,0,1,0,0.06,0.12,0.18,0.06,0.18,1.3,1.3,1.8,3.1,0.08,0.11,0.18,0.08,0.18,Matches
124,Rodrigo De Paul\162efffd,ar ARG,MF,Atlético Madrid,27-237,1994,19,13,1131,12.6,0,1,0,0,0,4,0,0.00,0.08,0.08,0.00,0.08,0.6,0.6,1.9,2.5,0.05,0.15,0.20,0.05,0.20,Matches
125,Thomas Delaney\fe641c1a,dk DEN,MF,Sevilla,30-135,1991,14,7,703,7.8,1,1,1,0,0,4,1,0.13,0.13,0.26,0.13,0.26,0.5,0.5,0.3,0.8,0.06,0.04,0.10,0.06,0.10,Matches
126,Ousmane Dembélé\b19db005,fr FRA,FWDF,Barcelona,24-246,1997,6,4,398,4.4,0,2,0,0,0,0,0,0.00,0.45,0.45,0.00,0.45,0.5,0.5,1.3,1.8,0.12,0.30,0.42,0.12,0.42,Matches
127,Yusuf Demir\fa265f6d,at AUT,FW,Barcelona,18-228,2003,6,2,192,2.1,0,0,0,0,0,0,0,0.00,0.00,0.00,0.00,0.00,0.1,0.1,0.0,0.1,0.03,0.01,0.04,0.03,0.04,Matches
128,Memphis Depay\8f696594,nl NED,FW,Barcelona,27-337,1994,16,15,1379,15.3,8,2,5,3,4,2,0,0.52,0.13,0.65,0.33,0.46,8.1,5.1,3.1,8.2,0.53,0.20,0.74,0.33,0.54,Matches
129,Sergiño Dest\5976f83e,us USA,DFFW,Barcelona,21-074,2000,12,11,967,10.7,0,3,0,0,0,0,0,0.00,0.28,0.28,0.00,0.28,1.5,1.5,2.7,4.2,0.14,0.25,0.39,0.14,0.39,Matches
130,Boulaye Dia\244bc2c8,sn SEN,FW,Villarreal,25-061,1996,15,9,874,9.7,4,4,4,0,0,2,0,0.41,0.41,0.82,0.41,0.82,4.4,4.4,1.3,5.7,0.45,0.13,0.59,0.45,0.59,Matches
131,Mouctar Diakhaby\d2110326,fr FRA,DF,Valencia,25-028,1996,16,8,836,9.3,0,1,0,0,0,6,0,0.00,0.11,0.11,0.00,0.11,0.2,0.2,0.1,0.3,0.02,0.01,0.03,0.02,0.03,Matches
132,Víctor Díaz\3624ce4c,es ESP,DF,Granada,33-218,1988,12,8,712,7.9,0,0,0,0,0,1,0,0.00,0.00,0.00,0.00,0.00,0.5,0.5,0.0,0.5,0.07,0.00,0.07,0.07,0.07,Matches
133,Landry Dimata\b5f63410,be BEL,FWMF,Espanyol,24-137,1997,14,3,417,4.6,0,0,0,0,0,0,0,0.00,0.00,0.00,0.00,0.00,0.7,0.7,0.2,1.0,0.16,0.05,0.21,0.16,0.21,Matches
134,Stole Dimitrievski\fc70e345,mk MKD,GK,Rayo Vallecano,28-022,1993,18,17,1602,17.8,0,0,0,0,0,0,0,0.00,0.00,0.00,0.00,0.00,0.0,0.0,0.0,0.0,0.00,0.00,0.00,0.00,0.00,Matches
135,Matías Dituro\b6160ad0,ar ARG,GK,Celta Vigo,34-253,1987,20,20,1800,20.0,0,0,0,0,0,0,0,0.00,0.00,0.00,0.00,0.00,0.0,0.0,0.0,0.0,0.00,0.00,0.00,0.00,0.00,Matches
136,Djené\a4971d84,tg TOG,DF,Getafe,30-016,1991,18,18,1585,17.6,0,0,0,0,0,6,1,0.00,0.00,0.00,0.00,0.00,0.1,0.1,0.1,0.2,0.00,0.01,0.01,0.00,0.01,Matches
137,Naïs Djouahra\3594a357,fr FRA,MF,Real Sociedad,22-054,1999,1,0,15,0.2,0,0,0,0,0,0,0,0.00,0.00,0.00,0.00,0.00,0.0,0.0,0.0,0.0,0.00,0.19,0.19,0.00,0.19,Matches
138,Marko Dmitrović\ac295d9e,rs SRB,GK,Sevilla,29-357,1992,3,3,270,3.0,0,0,0,0,0,0,0,0.00,0.00,0.00,0.00,0.00,0.0,0.0,0.0,0.0,0.00,0.00,0.00,0.00,0.00,Matches
139,Carlos Dominguez\3521abfe,es ESP,DF,Celta Vigo,21-015,2001,3,2,182,2.0,0,0,0,0,0,1,0,0.00,0.00,0.00,0.00,0.00,0.0,0.0,0.0,0.0,0.00,0.00,0.00,0.00,0.00,Matches
140,Domingos Duarte\93090f69,pt POR,DF,Granada,26-312,1995,8,7,639,7.1,1,0,1,0,0,3,0,0.14,0.00,0.14,0.14,0.14,0.4,0.4,0.0,0.4,0.06,0.00,0.06,0.06,0.06,Matches
141,Óscar Duarte\aa0ac32d,cr CRC,DF,Levante,32-227,1989,11,10,883,9.8,0,0,0,0,0,1,0,0.00,0.00,0.00,0.00,0.00,0.3,0.3,0.2,0.5,0.03,0.02,0.05,0.03,0.05,Matches
142,Rubén Duarte\1fe0492d,es ESP,DF,Alavés,26-090,1995,18,17,1479,16.4,0,1,0,0,0,9,1,0.00,0.06,0.06,0.00,0.06,0.4,0.4,0.7,1.1,0.02,0.04,0.07,0.02,0.07,Matches
143,Hugo Duro\37e103f8,es ESP,MFFW,Valencia,22-067,1999,16,13,1062,11.8,5,1,5,0,0,2,1,0.42,0.08,0.51,0.42,0.51,2.6,2.6,0.7,3.2,0.22,0.06,0.27,0.22,0.27,Matches
144,Hugo Duro\37e103f8,es ESP,DFMF,Getafe,22-067,1999,1,0,12,0.1,0,0,0,0,0,0,0,0.00,0.00,0.00,0.00,0.00,0.1,0.1,0.0,0.1,0.84,0.00,0.84,0.84,0.84,Matches
145,Aritz Elustondo\f7dc2ae5,es ESP,DF,Real Sociedad,27-294,1994,18,16,1442,16.0,3,1,3,0,0,3,1,0.19,0.06,0.25,0.19,0.25,1.1,1.1,0.1,1.2,0.07,0.01,0.08,0.07,0.08,Matches
146,Adri Embarba\db8f0eba,es ESP,MFFW,Espanyol,29-254,1992,19,19,1481,16.5,0,2,0,0,0,2,0,0.00,0.12,0.12,0.00,0.12,2.1,2.1,2.1,4.2,0.13,0.13,0.25,0.13,0.25,Matches
147,Emerson\df8b52a5,br BRA,DF,Barcelona,23-002,1999,3,1,91,1.0,0,0,0,0,0,0,0,0.00,0.00,0.00,0.00,0.00,0.0,0.0,0.0,0.0,0.00,0.00,0.00,0.00,0.00,Matches
148,Youssef En-Nesyri\04e17fd5,ma MAR,FW,Sevilla,24-229,1997,8,5,471,5.2,3,1,2,1,1,0,0,0.57,0.19,0.76,0.38,0.57,3.0,2.2,1.2,3.4,0.57,0.23,0.80,0.42,0.65,Matches
149,Gonzalo Escalante\3f79a1c8,ar ARG,MF,Alavés,28-295,1993,1,0,50,0.6,0,0,0,0,0,0,0,0.00,0.00,0.00,0.00,0.00,0.0,0.0,0.0,0.0,0.07,0.00,0.07,0.07,0.07,Matches
150,Aarón Escandell\67669ce7,es ESP,GK,Granada,26-111,1995,4,3,284,3.2,0,0,0,0,0,1,0,0.00,0.00,0.00,0.00,0.00,0.0,0.0,0.0,0.0,0.00,0.00,0.00,0.00,0.00,Matches
151,Sergio Escudero\b0616e3d,es ESP,DFMF,Granada,32-136,1989,15,4,459,5.1,0,1,0,0,0,1,0,0.00,0.20,0.20,0.00,0.20,0.5,0.5,0.8,1.3,0.09,0.16,0.25,0.09,0.25,Matches
152,Alfonso Espino\db001fa9,uy URU,DF,Cádiz,30-011,1992,20,20,1800,20.0,2,0,2,0,0,3,0,0.10,0.00,0.10,0.10,0.10,0.7,0.5,2.4,2.8,0.03,0.12,0.15,0.02,0.14,Matches
153,Estanis\ace50e9f,es ESP,FW,Barcelona,18-145,2003,1,0,11,0.1,0,0,0,0,0,0,0,0.00,0.00,0.00,0.00,0.00,0.0,0.0,0.0,0.0,0.00,0.00,0.00,0.00,0.00,Matches
154,Pervis Estupiñán\d38fdf53,ec ECU,DF,Villarreal,23-360,1998,16,10,932,10.4,0,0,0,0,0,2,0,0.00,0.00,0.00,0.00,0.00,0.6,0.6,0.8,1.4,0.05,0.08,0.13,0.05,0.13,Matches
155,Abdessamad Ezzalzouli\bed68338,ma MAR,FWDF,Barcelona,20-030,2001,9,5,510,5.7,1,0,1,0,0,4,0,0.18,0.00,0.18,0.18,0.18,1.3,1.3,0.6,1.9,0.22,0.11,0.33,0.22,0.33,Matches
156,Radamel Falcao\66116290,co COL,FW,Rayo Vallecano,35-340,1986,12,5,458,5.1,5,0,5,0,0,1,0,0.98,0.00,0.98,0.98,0.98,2.5,2.5,0.0,2.5,0.48,0.00,0.49,0.48,0.49,Matches
157,Fali\72a84002,es ESP,DFMF,Cádiz,28-157,1993,17,14,1110,12.3,0,2,0,0,0,3,0,0.00,0.16,0.16,0.00,0.16,0.3,0.3,0.4,0.7,0.02,0.03,0.06,0.02,0.06,Matches
158,Ansu Fati\0ba976e4,es ESP,FW,Barcelona,19-077,2002,5,3,213,2.4,3,0,3,0,0,0,0,1.27,0.00,1.27,1.27,1.27,1.0,1.0,0.7,1.7,0.44,0.29,0.74,0.44,0.74,Matches
159,Aleix Febas\38126309,es ESP,MF,Mallorca,25-348,1996,4,1,117,1.3,0,0,0,0,0,1,0,0.00,0.00,0.00,0.00,0.00,0.0,0.0,0.1,0.1,0.00,0.05,0.05,0.00,0.05,Matches
160,Nabil Fekir\bece776f,fr FRA,MF,Betis,28-182,1993,18,17,1495,16.6,4,3,4,0,0,7,0,0.24,0.18,0.42,0.24,0.42,3.4,3.4,3.7,7.1,0.20,0.22,0.43,0.20,0.43,Matches
161,Felipe\51a3c4c8,br BRA,DF,Atlético Madrid,32-245,1989,13,10,968,10.8,2,1,2,0,0,4,0,0.19,0.09,0.28,0.19,0.28,0.8,0.8,0.2,1.0,0.07,0.02,0.09,0.07,0.09,Matches
162,João Félix\8aafd64f,pt POR,FWMF,Atlético Madrid,22-067,1999,12,4,566,6.3,2,1,2,0,0,3,1,0.32,0.16,0.48,0.32,0.48,1.7,1.7,0.9,2.6,0.27,0.15,0.42,0.27,0.42,Matches
163,Aitor Fernández\a01c3d54,es ESP,GK,Levante,30-258,1991,11,11,986,11.0,0,0,0,0,0,0,1,0.00,0.00,0.00,0.00,0.00,0.0,0.0,0.0,0.0,0.00,0.00,0.00,0.00,0.00,Matches
164,Álex Fernández\aa677a35,es ESP,MFFW,Cádiz,29-093,1992,18,13,1246,13.8,3,1,2,1,2,2,0,0.22,0.07,0.29,0.14,0.22,2.4,0.9,0.6,1.5,0.17,0.04,0.22,0.06,0.11,Matches
165,Fernando\41f32541,br BRA,MFDF,Sevilla,34-175,1987,19,17,1526,17.0,1,1,1,0,0,5,0,0.06,0.06,0.12,0.06,0.12,0.7,0.7,0.3,1.0,0.04,0.02,0.06,0.04,0.06,Matches
166,Fidel\eb82b6f1,es ESP,MF,Elche,32-081,1989,17,17,1279,14.2,2,2,1,1,1,5,0,0.14,0.14,0.28,0.07,0.21,1.5,0.8,2.4,3.2,0.11,0.17,0.28,0.05,0.22,Matches
167,José Fontán\1827a42d,es ESP,DF,Celta Vigo,21-339,2000,5,2,178,2.0,0,0,0,0,0,2,0,0.00,0.00,0.00,0.00,0.00,0.1,0.1,0.0,0.2,0.06,0.02,0.08,0.06,0.08,Matches
168,Dimitri Foulquier\45e17712,fr FRA,DF,Valencia,28-299,1993,13,12,1094,12.2,0,1,0,0,0,6,0,0.00,0.08,0.08,0.00,0.08,0.4,0.4,0.2,0.6,0.03,0.02,0.05,0.03,0.05,Matches
169,Dimitri Foulquier\45e17712,fr FRA,DF,Granada,28-299,1993,2,2,180,2.0,0,0,0,0,0,0,0,0.00,0.00,0.00,0.00,0.00,0.0,0.0,0.0,0.0,0.00,0.01,0.01,0.00,0.01,Matches
170,Juan Foyth\6c7762c3,ar ARG,DF,Villarreal,24-004,1998,14,14,1212,13.5,0,0,0,0,0,4,1,0.00,0.00,0.00,0.00,0.00,0.1,0.1,0.9,1.0,0.00,0.07,0.07,0.00,0.07,Matches
171,Enric Franquesa\40883e3a,es ESP,DF,Levante,24-324,1997,11,5,522,5.8,0,0,0,0,0,1,0,0.00,0.00,0.00,0.00,0.00,0.0,0.0,0.1,0.1,0.00,0.02,0.02,0.00,0.02,Matches
172,Jorge de Frutos\38ce1150,es ESP,MFFW,Levante,24-330,1997,17,14,1198,13.3,2,4,2,0,0,2,0,0.15,0.30,0.45,0.15,0.45,4.1,4.1,2.0,6.0,0.30,0.15,0.45,0.30,0.45,Matches
173,Javi Galán\a4b00319,es ESP,DF,Celta Vigo,27-058,1994,20,20,1768,19.6,0,1,0,0,0,1,0,0.00,0.05,0.05,0.00,0.05,0.2,0.2,0.5,0.7,0.01,0.03,0.04,0.01,0.04,Matches
174,Iñigo Ruiz de Galarreta\91f7631f,es ESP,MF,Mallorca,28-163,1993,18,13,1087,12.1,0,0,0,0,0,3,0,0.00,0.00,0.00,0.00,0.00,0.4,0.4,0.5,1.0,0.04,0.04,0.08,0.04,0.08,Matches
175,Thiago Galhardo\766f48dd,br BRA,FWMF,Celta Vigo,32-180,1989,14,2,483,5.4,0,1,0,0,0,2,0,0.00,0.19,0.19,0.00,0.19,1.2,1.2,1.0,2.2,0.23,0.18,0.41,0.23,0.41,Matches
176,Álvaro García\90bbd822,es ESP,FWMF,Rayo Vallecano,29-081,1992,19,17,1493,16.6,5,2,5,0,0,3,0,0.30,0.12,0.42,0.30,0.42,4.1,4.1,2.3,6.4,0.25,0.14,0.38,0.25,0.38,Matches
177,Dani García\240d3a0b,es ESP,MF,Athletic Club,31-237,1990,20,18,1502,16.7,0,0,0,0,0,5,0,0.00,0.00,0.00,0.00,0.00,0.7,0.7,0.4,1.1,0.04,0.02,0.06,0.04,0.06,Matches
178,David García\3e42f707,es ESP,DF,Osasuna,27-336,1994,19,19,1710,19.0,3,0,3,0,0,5,0,0.16,0.00,0.16,0.16,0.16,0.7,0.7,0.1,0.8,0.04,0.00,0.04,0.04,0.04,Matches
179,Eric García\2bed3eab,es ESP,DF,Barcelona,21-007,2001,15,15,1240,13.8,0,0,0,0,0,3,1,0.00,0.00,0.00,0.00,0.00,0.1,0.1,0.1,0.2,0.01,0.01,0.02,0.01,0.02,Matches
180,Francisco Garcia\7226539b,es ESP,DF,Rayo Vallecano,22-155,1999,20,20,1800,20.0,0,0,0,0,0,3,0,0.00,0.00,0.00,0.00,0.00,0.5,0.5,0.9,1.4,0.02,0.05,0.07,0.02,0.07,Matches
181,Joan García\87b498b0,es ESP,GK,Espanyol,20-257,2001,1,1,90,1.0,0,0,0,0,0,0,0,0.00,0.00,0.00,0.00,0.00,0.0,0.0,0.0,0.0,0.00,0.00,0.00,0.00,0.00,Matches
182,Manu García\6ed1a2a2,es ESP,MF,Alavés,24-014,1998,17,7,685,7.6,0,0,0,0,0,1,0,0.00,0.00,0.00,0.00,0.00,0.1,0.1,0.6,0.8,0.02,0.08,0.10,0.02,0.10,Matches
183,Raúl García\b418dbd4,es ESP,FW,Athletic Club,35-189,1986,19,13,1040,11.6,3,0,3,0,1,1,0,0.26,0.00,0.26,0.26,0.26,3.7,2.9,1.8,4.8,0.32,0.16,0.48,0.25,0.41,Matches
184,Rubén García\5c96b017,es ESP,FWMF,Osasuna,28-186,1993,19,16,1309,14.5,0,1,0,0,1,1,0,0.00,0.07,0.07,0.00,0.07,1.9,1.1,1.0,2.1,0.13,0.07,0.20,0.08,0.14,Matches
185,Saúl García\dafa5038,es ESP,FW,Alavés,27-068,1994,1,0,4,0.0,0,0,0,0,0,0,0,0.00,0.00,0.00,0.00,0.00,0.0,0.0,0.0,0.0,0.00,0.00,0.00,0.00,0.00,Matches
186,Unai García\4a633cfe,es ESP,DF,Osasuna,29-347,1992,14,13,1174,13.0,0,0,0,0,0,4,0,0.00,0.00,0.00,0.00,0.00,0.3,0.3,0.0,0.4,0.02,0.00,0.03,0.02,0.03,Matches
187,Mario Gaspar\fb5d47b3,es ESP,DF,Villarreal,31-053,1990,5,3,256,2.8,0,0,0,0,0,0,0,0.00,0.00,0.00,0.00,0.00,0.2,0.2,0.5,0.7,0.06,0.19,0.25,0.06,0.25,Matches
188,Óscar Gil\6652cf96,es ESP,DF,Espanyol,24-265,1997,11,9,804,8.9,0,0,0,0,0,4,0,0.00,0.00,0.00,0.00,0.00,0.2,0.2,0.3,0.6,0.03,0.04,0.06,0.03,0.06,Matches
189,Dani Gómez\0e5ddc7c,es ESP,FW,Levante,23-170,1998,13,4,452,5.0,0,1,0,0,0,0,0,0.00,0.20,0.20,0.00,0.20,0.7,0.7,0.3,1.0,0.15,0.05,0.20,0.15,0.20,Matches
190,Maxi Gómez\4c2e9442,uy URU,FW,Valencia,25-155,1996,15,13,1120,12.4,2,1,2,0,0,7,1,0.16,0.08,0.24,0.16,0.24,2.5,2.5,1.8,4.2,0.20,0.14,0.34,0.20,0.34,Matches
191,Moi Gómez\5a626448,es ESP,MFFW,Villarreal,27-207,1994,17,7,747,8.3,0,1,0,0,0,2,0,0.00,0.12,0.12,0.00,0.12,0.9,0.9,1.4,2.3,0.10,0.17,0.27,0.10,0.27,Matches
192,Papu Gómez\6e4df551,ar ARG,FWMF,Sevilla,33-335,1988,15,10,963,10.7,2,0,2,0,0,2,0,0.19,0.00,0.19,0.19,0.19,0.7,0.7,0.5,1.2,0.06,0.05,0.12,0.06,0.12,Matches
193,Sergi Gómez\bc6f5f06,es ESP,DF,Espanyol,29-294,1992,19,19,1679,18.7,1,2,1,0,0,1,1,0.05,0.11,0.16,0.05,0.16,0.8,0.8,0.8,1.6,0.04,0.04,0.08,0.04,0.08,Matches
194,Maxime Gonalons\b8c1de25,fr FRA,MF,Granada,32-312,1989,16,15,1128,12.5,0,1,0,0,0,6,0,0.00,0.08,0.08,0.00,0.08,0.3,0.3,0.6,0.8,0.02,0.05,0.07,0.02,0.07,Matches
195,Diego González\4ac7608e,es ESP,DF,Elche,26-353,1995,15,10,945,10.5,0,0,0,0,0,2,1,0.00,0.00,0.00,0.00,0.00,0.2,0.2,0.1,0.2,0.02,0.01,0.02,0.02,0.02,Matches
196,Édgar González\49d028db,es ESP,DF,Betis,24-290,1997,14,10,1062,11.8,0,1,0,0,0,5,0,0.00,0.08,0.08,0.00,0.08,0.3,0.3,0.0,0.3,0.03,0.00,0.03,0.03,0.03,Matches
197,Nicolás González\2c56a792,es ESP,MF,Barcelona,20-013,2002,17,11,911,10.1,2,1,2,0,0,2,0,0.20,0.10,0.30,0.20,0.30,1.4,1.4,1.2,2.6,0.14,0.12,0.25,0.14,0.25,Matches
198,Peter González\1ccd3dae,do DOM,DFFW,Real Madrid,19-175,2002,2,0,11,0.1,0,0,0,0,0,0,0,0.00,0.00,0.00,0.00,0.00,0.2,0.2,0.3,0.5,1.66,2.15,3.81,1.66,3.81,Matches
199,Roberto González\56545648,es ESP,FWMF,Betis,21-010,2001,4,1,135,1.5,0,0,0,0,0,0,0,0.00,0.00,0.00,0.00,0.00,0.2,0.2,0.0,0.2,0.10,0.00,0.10,0.10,0.10,Matches
200,Gori\f3451c66,es ESP,MF,Espanyol,19-246,2002,1,0,9,0.1,0,0,0,0,0,1,0,0.00,0.00,0.00,0.00,0.00,0.0,0.0,0.0,0.0,0.00,0.00,0.00,0.00,0.00,Matches
201,Andoni Gorosabel\6f5f82c0,es ESP,DF,Real Sociedad,25-165,1996,15,12,1112,12.4,0,1,0,0,0,3,0,0.00,0.08,0.08,0.00,0.08,0.0,0.0,1.3,1.3,0.00,0.11,0.11,0.00,0.11,Matches
202,Jaume Grau\fc3d2006,es ESP,MF,Osasuna,24-256,1997,1,0,3,0.0,0,0,0,0,0,0,0,0.00,0.00,0.00,0.00,0.00,0.0,0.0,0.0,0.0,0.00,0.00,0.00,0.00,0.00,Matches
203,Dominik Greif\30061f53,sk SVK,GK,Mallorca,24-285,1997,1,1,90,1.0,0,0,0,0,0,0,0,0.00,0.00,0.00,0.00,0.00,0.0,0.0,0.0,0.0,0.00,0.00,0.00,0.00,0.00,Matches
204,Antoine Griezmann\df69b544,fr FRA,FWMF,Atlético Madrid,30-301,1991,13,12,877,9.7,3,1,3,0,0,2,0,0.31,0.10,0.41,0.31,0.41,2.3,2.3,1.7,4.0,0.24,0.17,0.41,0.24,0.41,Matches
205,Antoine Griezmann\df69b544,fr FRA,FW,Barcelona,30-301,1991,3,3,263,2.9,0,0,0,0,0,0,0,0.00,0.00,0.00,0.00,0.00,0.4,0.4,0.0,0.4,0.12,0.00,0.12,0.12,0.12,Matches
206,Arnaut Groeneveld\f08490a6,nl NED,FWMF,Villarreal,24-350,1997,12,10,794,8.8,5,2,5,0,0,1,0,0.57,0.23,0.79,0.57,0.79,5.7,5.7,0.5,6.2,0.65,0.06,0.71,0.65,0.71,Matches
207,Andrés Guardado\ef322658,mx MEX,MF,Betis,35-110,1986,17,10,924,10.3,0,0,0,0,0,2,0,0.00,0.00,0.00,0.00,0.00,0.4,0.4,0.3,0.7,0.04,0.03,0.06,0.04,0.06,Matches
208,Sergi Guardiola\32974271,es ESP,FW,Rayo Vallecano,30-232,1991,15,8,688,7.6,3,2,3,0,0,2,0,0.39,0.26,0.65,0.39,0.65,3.1,3.1,0.3,3.4,0.40,0.04,0.45,0.40,0.45,Matches
209,Nemanja Gudelj\0076ab7f,rs SRB,MFDF,Sevilla,30-061,1991,9,2,351,3.9,0,0,0,0,0,1,0,0.00,0.00,0.00,0.00,0.00,0.0,0.0,0.1,0.2,0.00,0.04,0.04,0.00,0.04,Matches
210,Gonçalo Guedes\e6bc67d7,pt POR,FWMF,Valencia,25-048,1996,20,19,1535,17.1,7,4,7,0,1,2,0,0.41,0.23,0.64,0.41,0.64,4.5,3.6,2.7,6.3,0.26,0.16,0.42,0.21,0.37,Matches
211,Ander Guevara\8e48dc61,es ESP,MF,Real Sociedad,24-193,1997,13,9,716,8.0,0,0,0,0,0,2,0,0.00,0.00,0.00,0.00,0.00,0.1,0.1,0.2,0.2,0.01,0.02,0.03,0.01,0.03,Matches
212,John Guidetti\99bebd12,se SWE,FWMF,Alavés,29-276,1992,8,2,274,3.0,0,0,0,0,0,1,0,0.00,0.00,0.00,0.00,0.00,0.5,0.5,0.3,0.8,0.17,0.10,0.27,0.17,0.27,Matches
213,Hugo Guillamón\f7c12fbf,es ESP,MFDF,Valencia,21-350,2000,17,17,1398,15.5,1,0,1,0,0,5,1,0.06,0.00,0.06,0.06,0.06,0.3,0.3,0.3,0.5,0.02,0.02,0.04,0.02,0.04,Matches
214,Gerard Gumbau\ac454a4f,es ESP,MF,Elche,27-029,1994,15,6,720,8.0,0,1,0,0,0,4,0,0.00,0.12,0.12,0.00,0.12,0.2,0.2,1.1,1.3,0.02,0.14,0.16,0.02,0.16,Matches
215,Jon Guridi\4c0a6a48,es ESP,MF,Real Sociedad,26-322,1995,2,0,23,0.3,0,0,0,0,0,0,0,0.00,0.00,0.00,0.00,0.00,0.0,0.0,0.0,0.0,0.00,0.00,0.00,0.00,0.00,Matches
216,Raúl Guti\0b2c8585,es ESP,MF,Elche,25-017,1996,16,10,951,10.6,0,0,0,0,0,3,1,0.00,0.00,0.00,0.00,0.00,0.5,0.5,0.2,0.7,0.05,0.02,0.06,0.05,0.06,Matches
217,Marcos Mauro López Gutiérrez\b3b62f94,ar ARG,DF,Cádiz,31-007,1991,3,1,136,1.5,0,0,0,0,0,1,0,0.00,0.00,0.00,0.00,0.00,0.0,0.0,0.0,0.0,0.00,0.00,0.00,0.00,0.00,Matches
218,Miguel Gutiérrez\7e98cff1,es ESP,DF,Real Madrid,20-173,2001,3,3,260,2.9,0,1,0,0,0,1,0,0.00,0.35,0.35,0.00,0.35,0.0,0.0,0.5,0.5,0.00,0.17,0.17,0.00,0.17,Matches
219,Munir El Haddadi\8696bc90,ma MAR,FW,Sevilla,26-137,1995,10,2,248,2.8,1,0,1,0,0,1,0,0.36,0.00,0.36,0.36,0.36,0.8,0.8,0.4,1.2,0.28,0.16,0.44,0.28,0.44,Matches
220,Varazdat Haroyan\be32269e,am ARM,DF,Cádiz,29-145,1992,15,15,1295,14.4,1,0,1,0,0,8,0,0.07,0.00,0.07,0.07,0.07,0.6,0.6,0.1,0.7,0.04,0.01,0.05,0.04,0.05,Matches
221,Eden Hazard\a39bb753,be BEL,FWMF,Real Madrid,31-009,1991,13,6,571,6.3,0,1,0,0,0,1,0,0.00,0.16,0.16,0.00,0.16,1.2,1.2,1.6,2.8,0.19,0.26,0.44,0.19,0.44,Matches
222,Kike Hermoso\dea912dc,es ESP,DF,Betis,22-159,1999,1,1,90,1.0,1,0,1,0,0,0,0,1.00,0.00,1.00,1.00,1.00,0.2,0.2,0.0,0.2,0.16,0.00,0.16,0.16,0.16,Matches
223,Mario Hermoso\555f3a0b,es ESP,DF,Atlético Madrid,26-212,1995,19,17,1500,16.7,0,1,0,0,0,3,1,0.00,0.06,0.06,0.00,0.06,0.6,0.6,0.4,1.0,0.04,0.03,0.06,0.04,0.06,Matches
224,Aridane Hernández\132ac341,gq EQG,DF,Osasuna,32-299,1989,6,6,519,5.8,0,0,0,0,0,1,0,0.00,0.00,0.00,0.00,0.00,0.1,0.1,0.0,0.2,0.02,0.00,0.03,0.02,0.03,Matches
225,Mario Hernández\90162357,es ESP,DF,Rayo Vallecano,22-356,1999,2,2,118,1.3,1,0,1,0,0,0,0,0.76,0.00,0.76,0.76,0.76,0.4,0.4,0.0,0.4,0.28,0.00,0.28,0.28,0.28,Matches
226,Héctor Herrera\a8542814,mx MEX,MF,Atlético Madrid,31-272,1990,9,2,281,3.1,0,0,0,0,0,1,0,0.00,0.00,0.00,0.00,0.00,0.4,0.4,0.3,0.7,0.14,0.09,0.23,0.14,0.23,Matches
227,Sergio Herrera\a4995f48,es ESP,GK,Osasuna,28-225,1993,19,19,1710,19.0,0,0,0,0,0,3,0,0.00,0.00,0.00,0.00,0.00,0.0,0.0,0.0,0.0,0.00,0.00,0.00,0.00,0.00,Matches
228,Yangel Herrera\e778654a,ve VEN,MF,Espanyol,24-009,1998,9,6,566,6.3,1,1,1,0,0,2,0,0.16,0.16,0.32,0.16,0.32,0.4,0.4,0.4,0.8,0.06,0.07,0.13,0.06,0.13,Matches
229,Matthew Hoppe\1bc432b7,us USA,FW,Mallorca,20-309,2001,3,1,106,1.2,0,1,0,0,0,0,0,0.00,0.85,0.85,0.00,0.85,0.1,0.1,0.2,0.3,0.09,0.13,0.22,0.09,0.22,Matches
230,Robert Ibáñez\c7429db3,es ESP,MF,Osasuna,28-300,1993,4,1,93,1.0,0,0,0,0,0,0,0,0.00,0.00,0.00,0.00,0.00,0.4,0.4,0.2,0.6,0.38,0.16,0.55,0.38,0.55,Matches
231,Vicente Iborra\ad1ffcfd,es ESP,MF,Villarreal,34-000,1988,8,4,345,3.8,0,1,0,0,0,1,0,0.00,0.26,0.26,0.00,0.26,0.3,0.3,0.6,0.9,0.07,0.15,0.22,0.07,0.22,Matches
232,Oussama Idrissi\34caa4b3,ma MAR,FWMF,Sevilla,25-324,1996,5,2,127,1.4,0,0,0,0,0,1,0,0.00,0.00,0.00,0.00,0.00,0.1,0.1,0.1,0.2,0.08,0.08,0.16,0.08,0.16,Matches
233,Iglesias\974322dc,es ESP,DF,Getafe,23-197,1998,10,4,340,3.8,0,0,0,0,0,0,0,0.00,0.00,0.00,0.00,0.00,0.0,0.0,0.2,0.2,0.00,0.06,0.06,0.00,0.06,Matches
234,Borja Iglesias\75645f0e,es ESP,FW,Betis,28-364,1993,16,6,562,6.2,3,0,2,1,1,1,0,0.48,0.00,0.48,0.32,0.32,3.9,3.1,0.8,3.9,0.62,0.13,0.75,0.50,0.63,Matches
235,Alexander Isak\8e92be30,se SWE,FW,Real Sociedad,22-117,1999,17,15,1173,13.0,4,1,3,1,1,2,0,0.31,0.08,0.38,0.23,0.31,4.9,4.1,1.0,5.1,0.37,0.07,0.45,0.32,0.39,Matches
236,Isco\a0b4bb3e,es ESP,MF,Real Madrid,29-270,1992,9,2,187,2.1,1,0,1,0,0,1,0,0.48,0.00,0.48,0.48,0.48,0.5,0.5,0.2,0.7,0.25,0.11,0.36,0.25,0.36,Matches
237,Nicolas Jackson\9c36ed83,sn SEN,FW,Villarreal,20-210,2001,3,0,16,0.2,0,0,0,0,0,0,0,0.00,0.00,0.00,0.00,0.00,0.5,0.5,0.0,0.5,2.56,0.00,2.56,2.56,2.56,Matches
238,Jakub Jankto\1ea5f91c,cz CZE,MFDF,Getafe,25-362,1996,9,3,303,3.4,0,0,0,0,0,0,0,0.00,0.00,0.00,0.00,0.00,0.1,0.1,0.1,0.3,0.04,0.04,0.08,0.04,0.08,Matches
239,Adnan Januzaj\4737cebe,be BEL,FWMF,Real Sociedad,26-345,1995,20,11,1024,11.4,2,0,1,1,1,4,0,0.18,0.00,0.18,0.09,0.09,2.0,1.3,2.5,3.8,0.18,0.22,0.40,0.11,0.33,Matches
240,Jason\9038c2a1,es ESP,MF,Alavés,27-194,1994,1,1,40,0.4,0,0,0,0,0,0,0,0.00,0.00,0.00,0.00,0.00,0.0,0.0,0.0,0.1,0.02,0.10,0.12,0.02,0.12,Matches
241,Jason\9038c2a1,es ESP,MFDF,Valencia,27-194,1994,5,1,75,0.8,0,0,0,0,0,2,0,0.00,0.00,0.00,0.00,0.00,0.1,0.1,0.1,0.2,0.07,0.17,0.24,0.07,0.24,Matches
242,Luis Javier Suárez\eeba07f8,co COL,FWMF,Granada,24-045,1997,20,19,1622,18.0,4,3,4,0,1,4,0,0.22,0.17,0.39,0.22,0.39,5.9,5.1,1.8,6.9,0.33,0.10,0.42,0.28,0.38,Matches
243,Álvaro Jiménez\5f5501ed,es ESP,MFFW,Cádiz,26-242,1995,9,1,234,2.6,0,0,0,0,0,0,0,0.00,0.00,0.00,0.00,0.00,0.1,0.1,0.1,0.2,0.05,0.03,0.08,0.05,0.08,Matches
244,Joaquín\4c5b14d2,es ESP,FW,Betis,40-179,1981,9,0,117,1.3,0,1,0,0,0,0,0,0.00,0.77,0.77,0.00,0.77,0.4,0.4,0.7,1.1,0.32,0.55,0.86,0.32,0.86,Matches
245,Jofre\030ef8d6,es ESP,DFMF,Espanyol,20-213,2001,2,0,16,0.2,0,1,0,0,0,0,0,0.00,5.63,5.63,0.00,5.63,0.0,0.0,0.3,0.3,0.00,1.97,1.97,0.00,1.97,Matches
246,Frenkie de Jong\1bacc518,nl NED,MF,Barcelona,24-249,1997,16,15,1301,14.5,1,2,1,0,0,4,1,0.07,0.14,0.21,0.07,0.21,1.8,1.8,2.0,3.8,0.12,0.14,0.27,0.12,0.27,Matches
247,Luuk de Jong\abb3bb95,nl NED,FW,Barcelona,31-142,1990,11,5,476,5.3,3,0,3,0,0,0,0,0.57,0.00,0.57,0.57,0.57,2.3,2.3,0.2,2.5,0.43,0.04,0.46,0.43,0.46,Matches
248,Joan Jordán\2a0c8ba4,es ESP,MF,Sevilla,27-194,1994,20,17,1378,15.3,0,1,0,0,0,3,0,0.00,0.07,0.07,0.00,0.07,0.8,0.8,0.8,1.6,0.05,0.05,0.10,0.05,0.10,Matches
249,Josan\5b28b2f6,es ESP,DFMF,Elche,32-044,1989,14,6,601,6.7,1,1,1,0,0,1,0,0.15,0.15,0.30,0.15,0.30,0.6,0.6,1.1,1.8,0.09,0.17,0.26,0.09,0.26,Matches
250,Willian José\d87e2cae,br BRA,FW,Betis,30-054,1991,16,13,1023,11.4,6,4,4,2,2,2,0,0.53,0.35,0.88,0.35,0.70,4.5,3.0,2.3,5.3,0.40,0.20,0.60,0.26,0.47,Matches
251,Joselu\6265208f,es ESP,FW,Alavés,31-295,1990,20,18,1669,18.5,10,2,5,5,5,0,0,0.54,0.11,0.65,0.27,0.38,7.3,3.5,2.3,5.8,0.39,0.13,0.52,0.19,0.31,Matches
252,Josema\ed3f5f4c,es ESP,DF,Elche,25-224,1996,6,1,183,2.0,0,0,0,0,0,0,0,0.00,0.00,0.00,0.00,0.00,0.0,0.0,0.1,0.1,0.00,0.05,0.05,0.00,0.05,Matches
253,Luka Jović\4d8cd038,rs SRB,FW,Real Madrid,24-024,1997,10,0,217,2.4,1,2,1,0,0,0,0,0.41,0.83,1.24,0.41,1.24,1.2,1.2,0.8,2.0,0.48,0.33,0.81,0.48,0.81,Matches
254,Miguel Juan Llambrich\d83f09ff,es ESP,DF,Espanyol,25-363,1996,2,1,70,0.8,0,0,0,0,0,0,0,0.00,0.00,0.00,0.00,0.00,0.0,0.0,0.0,0.0,0.00,0.00,0.00,0.00,0.00,Matches
255,José Juan Macías\1f1c8a15,mx MEX,FWMF,Getafe,22-116,1999,7,2,201,2.2,0,0,0,0,0,1,0,0.00,0.00,0.00,0.00,0.00,0.2,0.2,0.0,0.2,0.09,0.00,0.09,0.09,0.09,Matches
256,Juanmi\84399660,es ESP,FW,Betis,28-241,1993,17,13,1057,11.7,11,1,11,0,0,3,0,0.94,0.09,1.02,0.94,1.02,6.1,6.1,1.0,7.0,0.52,0.08,0.60,0.52,0.60,Matches
257,Lago Junior\360d70f8,ci CIV,FWMF,Mallorca,31-016,1990,6,1,177,2.0,0,0,0,0,0,0,0,0.00,0.00,0.00,0.00,0.00,0.3,0.3,0.0,0.3,0.16,0.00,0.16,0.16,0.16,Matches
258,Vinicius Júnior\7111d552,br BRA,FWMF,Real Madrid,21-188,2000,20,18,1598,17.8,12,4,12,0,0,4,0,0.68,0.23,0.90,0.68,0.90,8.1,8.1,3.0,11.1,0.46,0.17,0.62,0.46,0.62,Matches
259,Jutglà\2a9f6b4d,es ESP,FW,Barcelona,22-349,1999,5,4,294,3.3,1,0,1,0,0,1,0,0.31,0.00,0.31,0.31,0.31,1.6,1.6,0.4,2.0,0.48,0.12,0.60,0.48,0.60,Matches
260,Jens Jønsson\53520a67,dk DEN,MF,Cádiz,29-006,1993,18,15,1109,12.3,0,1,0,0,0,1,0,0.00,0.08,0.08,0.00,0.08,0.3,0.3,0.9,1.2,0.03,0.07,0.10,0.03,0.10,Matches
261,Lee Kangin\8455ad90,kr KOR,MFFW,Mallorca,20-331,2001,15,13,997,11.1,1,2,1,0,0,4,1,0.09,0.18,0.27,0.09,0.27,0.8,0.8,1.4,2.2,0.07,0.13,0.20,0.07,0.20,Matches
262,Kike\e897d8ba,es ESP,FW,Osasuna,32-052,1989,18,15,1325,14.7,3,1,2,1,1,1,0,0.20,0.07,0.27,0.14,0.20,4.5,3.8,1.8,5.6,0.31,0.12,0.43,0.26,0.38,Matches
263,Koba Koindredi\3a58d075,fr FRA,MF,Valencia,20-081,2001,8,1,130,1.4,0,0,0,0,0,1,0,0.00,0.00,0.00,0.00,0.00,0.0,0.0,0.0,0.0,0.01,0.00,0.01,0.01,0.01,Matches
264,Koke\55126f3b,es ESP,MF,Atlético Madrid,30-008,1992,16,15,1354,15.0,0,0,0,0,0,2,0,0.00,0.00,0.00,0.00,0.00,0.8,0.8,0.7,1.5,0.05,0.05,0.10,0.05,0.10,Matches
265,Geoffrey Kondogbia\cce181df,cf CTA,MFDF,Atlético Madrid,28-335,1993,15,10,931,10.3,1,0,1,0,0,8,1,0.10,0.00,0.10,0.10,0.10,0.2,0.2,0.1,0.3,0.02,0.01,0.03,0.02,0.03,Matches
266,Jules Koundé\4d1666ff,fr FRA,DF,Sevilla,23-065,1998,17,17,1458,16.2,0,1,0,0,0,1,1,0.00,0.06,0.06,0.00,0.06,0.3,0.3,1.3,1.6,0.02,0.08,0.10,0.02,0.10,Matches
267,Toni Kroos\6ce1f46f,de GER,MF,Real Madrid,32-012,1990,14,14,1192,13.2,1,3,1,0,0,2,0,0.08,0.23,0.30,0.08,0.30,1.5,1.5,2.1,3.7,0.12,0.16,0.28,0.12,0.28,Matches
268,Takefusa Kubo\16aa3654,jp JPN,MFFW,Mallorca,20-226,2001,11,7,654,7.3,1,0,1,0,0,1,0,0.14,0.00,0.14,0.14,0.14,1.0,1.0,0.7,1.7,0.14,0.10,0.24,0.14,0.24,Matches
269,Víctor Laguardia\b7c99b9b,es ESP,DF,Alavés,32-072,1989,18,18,1613,17.9,2,1,2,0,0,4,0,0.11,0.06,0.17,0.11,0.17,1.1,1.1,0.0,1.1,0.06,0.00,0.06,0.06,0.06,Matches
270,Diego Lainez\bf12926c,mx MEX,FWMF,Betis,21-221,2000,3,1,67,0.7,0,0,0,0,0,0,0,0.00,0.00,0.00,0.00,0.00,0.0,0.0,0.0,0.0,0.00,0.00,0.00,0.00,0.00,Matches
271,Érik Lamela\abe66106,ar ARG,FW,Sevilla,29-318,1992,12,5,604,6.7,4,1,4,0,0,4,0,0.60,0.15,0.75,0.60,0.75,1.8,1.8,1.0,2.8,0.26,0.15,0.42,0.26,0.42,Matches
272,Toni Lato\8e088e04,es ESP,DF,Valencia,24-056,1997,6,4,354,3.9,0,0,0,0,0,1,0,0.00,0.00,0.00,0.00,0.00,0.0,0.0,0.0,0.0,0.00,0.01,0.01,0.00,0.01,Matches
273,Robin Le Normand\9a64e67e,fr FRA,DF,Real Sociedad,25-066,1996,20,20,1800,20.0,0,1,0,0,0,3,0,0.00,0.05,0.05,0.00,0.05,0.4,0.4,0.1,0.5,0.02,0.01,0.02,0.02,0.02,Matches
274,Jeremías Ledesma\6c4776b1,ar ARG,GK,Cádiz,28-337,1993,20,20,1800,20.0,0,0,0,0,0,0,0,0.00,0.00,0.00,0.00,0.00,0.0,0.0,0.0,0.0,0.00,0.00,0.00,0.00,0.00,Matches
275,Wu Lei\e3fabb0a,cn CHN,FWMF,Espanyol,30-058,1991,12,3,300,3.3,0,0,0,0,0,0,0,0.00,0.00,0.00,0.00,0.00,0.4,0.4,0.6,1.0,0.13,0.17,0.31,0.13,0.31,Matches
276,Florian Lejeune\6eaed4eb,fr FRA,DF,Alavés,30-241,1991,13,13,1169,13.0,0,0,0,0,0,7,1,0.00,0.00,0.00,0.00,0.00,0.5,0.5,0.2,0.7,0.04,0.01,0.05,0.04,0.05,Matches
277,Iñigo Lekue\59b7d823,es ESP,DF,Athletic Club,28-257,1993,19,17,1490,16.6,0,2,0,0,0,2,0,0.00,0.12,0.12,0.00,0.12,0.2,0.2,1.9,2.1,0.01,0.12,0.13,0.01,0.13,Matches
278,Thomas Lemar\4dbd0916,fr FRA,MF,Atlético Madrid,26-065,1995,14,11,956,10.6,3,4,3,0,0,2,0,0.28,0.38,0.66,0.28,0.66,2.2,2.2,2.6,4.9,0.21,0.25,0.46,0.21,0.46,Matches
279,Ruben Lendinez\755da865,es ESP,DF,Valencia,18-308,2003,3,0,47,0.5,0,0,0,0,0,2,0,0.00,0.00,0.00,0.00,0.00,0.0,0.0,0.0,0.0,0.04,0.00,0.04,0.04,0.04,Matches
280,Clément Lenglet\4f28a6ff,fr FRA,DF,Barcelona,26-213,1995,11,4,451,5.0,0,1,0,0,0,3,0,0.00,0.20,0.20,0.00,0.20,0.0,0.0,0.6,0.6,0.01,0.12,0.12,0.01,0.12,Matches
281,Javier Llabrés\38b0cf42,,FW,Mallorca,,,2,1,93,1.0,0,0,0,0,0,0,0,0.00,0.00,0.00,0.00,0.00,0.1,0.1,0.0,0.1,0.08,0.03,0.12,0.08,0.12,Matches
282,Marcos Llorente\02c15616,es ESP,DFMF,Atlético Madrid,26-351,1995,14,14,1167,13.0,0,1,0,0,0,1,0,0.00,0.08,0.08,0.00,0.08,0.3,0.3,1.2,1.5,0.03,0.09,0.12,0.03,0.12,Matches
283,Julen Lobete\a952a529,es ESP,FWMF,Real Sociedad,21-120,2000,12,2,280,3.1,2,0,2,0,0,0,0,0.64,0.00,0.64,0.64,0.64,1.5,1.5,0.0,1.5,0.49,0.00,0.49,0.49,0.49,Matches
284,Renan Lodi\ed9f7cfe,br BRA,DF,Atlético Madrid,23-283,1998,16,6,591,6.6,0,1,0,0,0,1,0,0.00,0.15,0.15,0.00,0.15,0.3,0.3,1.0,1.2,0.04,0.15,0.18,0.04,0.18,Matches
285,David López\f03f284b,es ESP,MF,Espanyol,32-099,1989,10,6,445,4.9,0,0,0,0,0,0,0,0.00,0.00,0.00,0.00,0.00,0.3,0.3,0.3,0.6,0.05,0.07,0.12,0.05,0.12,Matches
286,Diego López\73683fa9,es ESP,GK,Espanyol,40-074,1981,19,19,1710,19.0,0,0,0,0,0,2,0,0.00,0.00,0.00,0.00,0.00,0.0,0.0,0.0,0.0,0.00,0.00,0.00,0.00,0.00,Matches
287,Javi López\e9ada8cf,es ESP,DF,Alavés,20-015,2002,5,3,273,3.0,0,0,0,0,0,2,0,0.00,0.00,0.00,0.00,0.00,0.0,0.0,0.1,0.1,0.00,0.04,0.04,0.00,0.04,Matches
288,Unai López\88050721,es ESP,MF,Rayo Vallecano,26-078,1995,16,7,661,7.3,0,0,0,0,0,1,0,0.00,0.00,0.00,0.00,0.00,0.3,0.3,1.1,1.5,0.04,0.16,0.20,0.04,0.20,Matches
289,Anthony Lozano\38699c72,hn HON,FWMF,Cádiz,28-266,1993,16,12,959,10.7,5,1,5,0,0,4,0,0.47,0.09,0.56,0.47,0.56,2.8,2.8,0.7,3.5,0.27,0.06,0.33,0.27,0.33,Matches
290,José Luis Gayà\b05e2dbd,es ESP,DF,Valencia,26-236,1995,14,14,1206,13.4,2,2,2,0,0,5,0,0.15,0.15,0.30,0.15,0.30,0.7,0.7,1.1,1.8,0.05,0.08,0.13,0.05,0.13,Matches
291,José Luis Morales\4a478107,es ESP,FWMF,Levante,34-177,1987,19,16,1461,16.2,6,1,6,0,1,4,0,0.37,0.06,0.43,0.37,0.43,5.1,4.3,2.3,6.7,0.31,0.14,0.46,0.27,0.41,Matches
292,Florentino Luís\881cd6be,pt POR,MF,Getafe,22-150,1999,12,6,676,7.5,0,1,0,0,0,1,0,0.00,0.13,0.13,0.00,0.13,0.0,0.0,0.2,0.2,0.00,0.03,0.03,0.00,0.03,Matches
293,Darwin Machís\ed6ea4d9,ve VEN,MFFW,Granada,28-343,1993,13,11,820,9.1,2,0,2,0,0,1,0,0.22,0.00,0.22,0.22,0.22,0.9,0.9,0.9,1.8,0.10,0.10,0.20,0.10,0.20,Matches
294,Pablo Maffeo\5db04597,es ESP,DF,Mallorca,24-188,1997,18,18,1501,16.7,1,1,1,0,0,4,0,0.06,0.06,0.12,0.06,0.12,0.7,0.7,0.8,1.5,0.04,0.05,0.09,0.04,0.09,Matches
295,Nemanja Maksimović\00b28772,rs SRB,MF,Getafe,26-355,1995,20,20,1725,19.2,0,1,0,0,0,3,0,0.00,0.05,0.05,0.00,0.05,1.3,1.3,0.5,1.8,0.07,0.02,0.09,0.07,0.09,Matches
296,Hugo Mallo\cb574619,es ESP,DF,Celta Vigo,30-208,1991,13,13,1111,12.3,0,1,0,0,0,3,1,0.00,0.08,0.08,0.00,0.08,0.3,0.3,1.4,1.7,0.03,0.11,0.14,0.03,0.14,Matches
297,Mickael Malsa\bbc19252,mq MTQ,MF,Levante,26-096,1995,14,7,700,7.8,0,1,0,0,0,5,0,0.00,0.13,0.13,0.00,0.13,0.2,0.2,0.6,0.8,0.02,0.08,0.10,0.02,0.10,Matches
298,Giorgi Mamardashvili\d4b73232,ge GEO,GK,Valencia,21-109,2000,6,6,540,6.0,0,0,0,0,0,0,0,0.00,0.00,0.00,0.00,0.00,0.0,0.0,0.0,0.0,0.00,0.00,0.00,0.00,0.00,Matches
299,Aïssa Mandi\fbd6378b,dz ALG,DF,Villarreal,30-086,1991,8,8,720,8.0,1,0,1,0,0,2,0,0.12,0.00,0.12,0.12,0.12,1.2,1.2,0.0,1.2,0.15,0.00,0.15,0.15,0.15,Matches
300,Maranhão\ae86d473,br BRA,FWMF,Valencia,25-088,1996,17,3,510,5.7,1,2,1,0,0,0,0,0.18,0.35,0.53,0.18,0.53,2.4,2.4,1.2,3.6,0.43,0.21,0.64,0.43,0.64,Matches
301,Nikola Maraš\b9d0446f,rs SRB,DF,Rayo Vallecano,26-028,1995,6,4,372,4.1,0,0,0,0,0,1,0,0.00,0.00,0.00,0.00,0.00,0.0,0.0,0.0,0.0,0.00,0.00,0.00,0.00,0.00,Matches
302,Marcelo\603116a7,br BRA,DF,Real Madrid,33-249,1988,4,1,134,1.5,0,0,0,0,0,0,0,0.00,0.00,0.00,0.00,0.00,0.1,0.1,0.1,0.1,0.05,0.05,0.09,0.05,0.09,Matches
303,Iván Marcone\b14f755d,ar ARG,MF,Elche,31-227,1990,12,8,577,6.4,0,0,0,0,0,2,0,0.00,0.00,0.00,0.00,0.00,0.0,0.0,0.0,0.0,0.00,0.00,0.00,0.00,0.00,Matches
304,Óscar de Marcos\9f323c71,es ESP,DF,Athletic Club,32-277,1989,11,8,781,8.7,1,2,1,0,0,2,0,0.12,0.23,0.35,0.12,0.35,0.1,0.1,0.6,0.7,0.01,0.07,0.08,0.01,0.08,Matches
305,José María Giménez\f0da930c,uy URU,DF,Atlético Madrid,26-361,1995,11,11,930,10.3,0,0,0,0,0,5,0,0.00,0.00,0.00,0.00,0.00,0.8,0.8,0.0,0.8,0.07,0.00,0.07,0.07,0.07,Matches
306,Mariano\5c4dc0ff,do DOM,FW,Real Madrid,28-168,1993,3,1,120,1.3,0,1,0,0,0,0,0,0.00,0.75,0.75,0.00,0.75,0.4,0.4,0.4,0.8,0.31,0.28,0.59,0.31,0.59,Matches
307,Roger Martí\0ae4e09a,es ESP,FW,Levante,31-013,1991,15,14,1156,12.8,3,2,2,1,2,4,0,0.23,0.16,0.39,0.16,0.31,4.3,2.8,0.7,3.5,0.34,0.06,0.39,0.22,0.28,Matches
308,Martín\cbec0059,es ESP,MF,Cádiz,22-321,1999,6,1,115,1.3,0,0,0,0,0,1,0,0.00,0.00,0.00,0.00,0.00,0.1,0.1,0.0,0.1,0.05,0.01,0.06,0.05,0.06,Matches
309,Andrés Martín\2ae30661,es ESP,FWMF,Rayo Vallecano,22-189,1999,7,1,186,2.1,0,0,0,0,0,0,0,0.00,0.00,0.00,0.00,0.00,0.4,0.4,0.0,0.4,0.18,0.00,0.18,0.18,0.18,Matches
310,Carlos Martín\64035864,es ESP,DF,Atlético Madrid,19-269,2002,1,0,6,0.1,0,0,0,0,0,1,0,0.00,0.00,0.00,0.00,0.00,0.0,0.0,0.0,0.0,0.00,0.00,0.00,0.00,0.00,Matches
311,Iván Martín\ae48c5cb,es ESP,MF,Alavés,22-336,1999,6,2,166,1.8,0,0,0,0,0,0,0,0.00,0.00,0.00,0.00,0.00,0.1,0.1,0.0,0.1,0.05,0.00,0.05,0.05,0.05,Matches
312,Iñigo Martínez\3fc45c73,es ESP,DF,Athletic Club,30-244,1991,16,16,1432,15.9,2,0,2,0,0,6,2,0.13,0.00,0.13,0.13,0.13,1.4,1.4,0.3,1.7,0.09,0.02,0.11,0.09,0.11,Matches
313,Javi Martínez\3672b352,es ESP,MFFW,Osasuna,22-025,1999,12,3,361,4.0,1,0,1,0,0,1,0,0.25,0.00,0.25,0.25,0.25,0.6,0.6,0.6,1.2,0.15,0.16,0.31,0.15,0.31,Matches
314,Pablo Martínez\ecc77652,es ESP,MF,Levante,23-328,1998,13,7,656,7.3,0,1,0,0,0,2,0,0.00,0.14,0.14,0.00,0.14,0.4,0.4,1.3,1.7,0.05,0.18,0.23,0.05,0.23,Matches
315,Omar Mascarell\11fd2b75,es ESP,MF,Elche,28-348,1993,17,16,1328,14.8,0,0,0,0,0,4,0,0.00,0.00,0.00,0.00,0.00,0.5,0.5,0.2,0.7,0.04,0.01,0.05,0.04,0.05,Matches
316,Jaime Mata\02319ad7,es ESP,FW,Getafe,33-084,1988,17,4,621,6.9,1,0,1,0,0,5,0,0.14,0.00,0.14,0.14,0.14,1.5,1.5,0.4,1.8,0.21,0.06,0.27,0.21,0.27,Matches
317,Luís Maximiano\3318286e,pt POR,GK,Granada,23-011,1999,17,17,1516,16.8,0,0,0,0,0,2,0,0.00,0.00,0.00,0.00,0.00,0.0,0.0,0.0,0.0,0.00,0.00,0.00,0.00,0.00,Matches
318,Jordi Mboula\4887118d,es ESP,FW,Mallorca,22-306,1999,11,5,434,4.8,0,0,0,0,0,2,0,0.00,0.00,0.00,0.00,0.00,0.3,0.3,0.1,0.4,0.06,0.02,0.08,0.06,0.08,Matches
319,Óscar Melendo\379652be,es ESP,MFFW,Espanyol,24-146,1997,10,8,481,5.3,0,0,0,0,0,0,0,0.00,0.00,0.00,0.00,0.00,0.4,0.4,0.5,0.9,0.07,0.10,0.17,0.07,0.17,Matches
320,Gonzalo Melero\3902e91b,es ESP,MF,Levante,28-014,1994,13,9,783,8.7,1,2,1,0,0,3,0,0.11,0.23,0.34,0.11,0.34,0.6,0.6,0.9,1.5,0.07,0.10,0.17,0.07,0.17,Matches
321,Brais Méndez\c9e39d91,es ESP,MFFW,Celta Vigo,25-009,1997,19,18,1507,16.7,2,3,2,0,0,6,0,0.12,0.18,0.30,0.12,0.30,2.6,2.6,1.3,3.9,0.16,0.08,0.24,0.16,0.24,Matches
322,Édgar Méndez\aed746df,es ESP,FWMF,Alavés,32-014,1990,16,6,689,7.7,0,0,0,0,0,2,0,0.00,0.00,0.00,0.00,0.00,1.4,1.4,0.4,1.8,0.18,0.05,0.23,0.18,0.23,Matches
323,Ferland Mendy\3cefcaef,fr FRA,DF,Real Madrid,26-222,1995,13,12,1029,11.4,1,1,1,0,0,3,0,0.09,0.09,0.17,0.09,0.17,0.6,0.6,0.9,1.5,0.05,0.08,0.13,0.05,0.13,Matches
324,Fran Mérida\0e50f929,es ESP,MF,Espanyol,31-318,1990,5,2,146,1.6,0,0,0,0,0,1,1,0.00,0.00,0.00,0.00,0.00,0.1,0.1,0.1,0.1,0.04,0.04,0.08,0.04,0.08,Matches
325,Mikel Merino\d080ed5e,es ESP,MF,Real Sociedad,25-208,1996,17,17,1493,16.6,2,1,2,0,0,5,0,0.12,0.06,0.18,0.12,0.18,1.8,1.8,1.9,3.7,0.11,0.11,0.22,0.11,0.22,Matches
326,Martín Merquelanz\ddd5348b,es ESP,FW,Rayo Vallecano,26-218,1995,4,3,173,1.9,0,0,0,0,0,0,0,0.00,0.00,0.00,0.00,0.00,0.1,0.1,0.7,0.8,0.08,0.36,0.43,0.08,0.43,Matches
327,Matt Miazga\9fc0f253,us USA,DF,Alavés,26-181,1995,9,7,653,7.3,0,0,0,0,0,2,0,0.00,0.00,0.00,0.00,0.00,0.3,0.3,0.1,0.4,0.04,0.01,0.05,0.04,0.05,Matches
328,Miguel\6763373d,es ESP,FWMF,Alavés,22-135,1999,11,6,448,5.0,0,1,0,0,0,0,0,0.00,0.20,0.20,0.00,0.20,0.9,0.9,0.2,1.2,0.19,0.05,0.23,0.19,0.23,Matches
329,Éder Militão\2784f898,br BRA,DF,Real Madrid,23-363,1998,20,20,1800,20.0,0,1,0,0,0,2,0,0.00,0.05,0.05,0.00,0.05,1.8,1.8,0.7,2.4,0.09,0.03,0.12,0.09,0.12,Matches
330,Luis Milla\19c36442,es ESP,MF,Granada,27-101,1994,16,15,1306,14.5,1,2,0,1,1,2,0,0.07,0.14,0.21,0.00,0.14,1.0,0.3,1.5,1.8,0.07,0.11,0.18,0.02,0.12,Matches
331,Pere Milla\335039a2,es ESP,FWMF,Elche,29-115,1992,15,3,503,5.6,4,1,4,0,0,2,0,0.72,0.18,0.89,0.72,0.89,2.6,2.6,0.2,2.7,0.46,0.03,0.49,0.46,0.49,Matches
332,Santi Mina\0b90bb97,es ESP,FW,Celta Vigo,26-040,1995,19,19,1459,16.2,6,3,6,0,0,4,0,0.37,0.19,0.56,0.37,0.56,4.8,4.8,1.8,6.7,0.30,0.11,0.41,0.30,0.41,Matches
333,Óscar Mingueza\056269d7,es ESP,DF,Barcelona,22-248,1999,13,8,734,8.2,0,1,0,0,0,2,0,0.00,0.12,0.12,0.00,0.12,0.2,0.2,0.9,1.1,0.02,0.11,0.13,0.02,0.13,Matches
334,Rafa Mir\bbf5c11b,es ESP,FW,Sevilla,24-212,1997,18,13,1189,13.2,6,0,6,0,0,3,0,0.45,0.00,0.45,0.45,0.45,4.8,4.8,0.2,5.1,0.37,0.02,0.38,0.37,0.38,Matches
335,Jorge Miramón\7f4c7c9f,es ESP,DF,Levante,32-228,1989,13,9,864,9.6,0,0,0,0,0,3,0,0.00,0.00,0.00,0.00,0.00,0.0,0.0,0.4,0.4,0.00,0.04,0.04,0.00,0.04,Matches
336,Juan Miranda\ead61f73,es ESP,DF,Betis,21-362,2000,6,4,343,3.8,0,0,0,0,0,2,0,0.00,0.00,0.00,0.00,0.00,0.1,0.1,0.0,0.1,0.02,0.01,0.03,0.02,0.03,Matches
337,Stefan Mitrović\e6777e6b,rs SRB,DF,Getafe,31-239,1990,16,15,1274,14.2,1,0,1,0,0,2,0,0.07,0.00,0.07,0.07,0.07,0.1,0.1,0.0,0.1,0.01,0.00,0.01,0.01,0.01,Matches
338,Luka Modrić\6025fab1,hr CRO,MF,Real Madrid,36-129,1985,14,14,1095,12.2,0,4,0,0,0,1,0,0.00,0.33,0.33,0.00,0.33,1.2,1.2,2.4,3.6,0.10,0.19,0.30,0.10,0.30,Matches
339,Johan Mojica\608f2092,co COL,DF,Elche,29-148,1992,19,18,1616,18.0,1,3,1,0,0,2,0,0.06,0.17,0.22,0.06,0.22,0.5,0.5,2.9,3.4,0.03,0.16,0.19,0.03,0.19,Matches
340,Jorge Molina\43f71e77,es ESP,FW,Granada,39-269,1982,18,10,1020,11.3,7,2,7,0,0,1,0,0.62,0.18,0.79,0.62,0.79,3.4,3.4,0.7,4.1,0.30,0.06,0.37,0.30,0.37,Matches
341,Jon Moncayola\9939e168,es ESP,MF,Osasuna,23-248,1998,19,17,1495,16.6,1,3,1,0,0,2,0,0.06,0.18,0.24,0.06,0.24,1.1,1.1,0.9,2.0,0.07,0.05,0.12,0.07,0.12,Matches
342,Monchu\8ac501f5,es ESP,MF,Granada,22-125,1999,14,7,668,7.4,0,0,0,0,0,3,1,0.00,0.00,0.00,0.00,0.00,0.4,0.4,0.2,0.7,0.06,0.03,0.09,0.06,0.09,Matches
343,Gonzalo Montiel\374d5158,ar ARG,DF,Sevilla,25-015,1997,10,10,702,7.8,1,2,1,0,0,3,0,0.13,0.26,0.38,0.13,0.38,0.1,0.1,1.2,1.3,0.01,0.15,0.17,0.01,0.17,Matches
344,Ángel Montoro\719384c1,es ESP,MF,Granada,33-205,1988,16,9,974,10.8,1,1,1,0,0,5,0,0.09,0.09,0.18,0.09,0.18,0.7,0.7,1.5,2.2,0.07,0.14,0.20,0.07,0.20,Matches
345,Martín Montoya\5cec2487,es ESP,DF,Betis,30-277,1991,6,6,518,5.8,0,1,0,0,0,2,0,0.00,0.17,0.17,0.00,0.17,0.4,0.4,1.1,1.5,0.06,0.19,0.25,0.06,0.25,Matches
346,Jon Morcillo\b7d7f3bf,es ESP,MF,Athletic Club,23-123,1998,7,0,54,0.6,0,0,0,0,0,2,0,0.00,0.00,0.00,0.00,0.00,0.4,0.4,0.0,0.4,0.63,0.00,0.63,0.63,0.63,Matches
347,Alberto Moreno\11b9265b,es ESP,MFDF,Villarreal,29-195,1992,18,8,804,8.9,3,1,3,0,0,2,0,0.34,0.11,0.45,0.34,0.45,2.8,2.8,1.5,4.3,0.31,0.17,0.48,0.31,0.48,Matches
348,Álex Moreno\16e9d0ea,es ESP,DF,Betis,28-222,1993,17,16,1334,14.8,3,2,3,0,0,2,1,0.20,0.13,0.34,0.20,0.34,1.8,1.8,1.3,3.1,0.12,0.09,0.21,0.12,0.21,Matches
349,Gerard Moreno\81f0781e,es ESP,FW,Villarreal,29-284,1992,11,10,858,9.5,8,2,7,1,2,2,0,0.84,0.21,1.05,0.73,0.94,6.1,4.6,3.5,8.0,0.64,0.37,1.00,0.48,0.84,Matches
350,Tete Morente\004d185e,es ESP,MF,Elche,25-043,1996,14,7,650,7.2,2,3,2,0,0,3,0,0.28,0.42,0.69,0.28,0.69,1.1,1.1,1.9,3.0,0.15,0.26,0.41,0.15,0.41,Matches
351,Manu Morlanes\a0255c67,es ESP,MF,Espanyol,23-004,1999,18,7,755,8.4,1,0,1,0,0,2,0,0.12,0.00,0.12,0.12,0.12,0.2,0.2,0.2,0.4,0.03,0.02,0.05,0.03,0.05,Matches
352,Loren Morón\3aa4a3be,es ESP,FW,Betis,28-017,1993,1,0,4,0.0,0,0,0,0,0,0,0,0.00,0.00,0.00,0.00,0.00,0.0,0.0,0.0,0.0,0.00,0.00,0.00,0.00,0.00,Matches
353,Loren Morón\3aa4a3be,es ESP,FWMF,Espanyol,28-017,1993,13,3,403,4.5,1,0,1,0,0,0,0,0.22,0.00,0.22,0.22,0.22,0.6,0.6,0.4,1.0,0.14,0.09,0.23,0.14,0.23,Matches
354,Toni Moya\9e098912,es ESP,MF,Alavés,23-302,1998,19,13,1067,11.9,0,1,0,0,0,2,0,0.00,0.08,0.08,0.00,0.08,1.1,1.1,1.3,2.4,0.09,0.11,0.20,0.09,0.20,Matches
355,Iker Muniain\c05dfb74,es ESP,MF,Athletic Club,29-028,1992,20,20,1559,17.3,2,5,1,1,1,1,0,0.12,0.29,0.40,0.06,0.35,4.0,3.2,4.8,8.0,0.23,0.28,0.50,0.18,0.46,Matches
356,Aihen Muñoz\228b0d9d,es ESP,DF,Real Sociedad,24-153,1997,16,13,1150,12.8,0,0,0,0,0,4,1,0.00,0.00,0.00,0.00,0.00,0.2,0.1,0.1,0.2,0.02,0.01,0.02,0.01,0.02,Matches
357,Jeison Murillo\b233e8e4,co COL,DF,Celta Vigo,29-234,1992,13,11,926,10.3,0,0,0,0,0,2,0,0.00,0.00,0.00,0.00,0.00,0.4,0.4,0.0,0.5,0.04,0.00,0.04,0.04,0.04,Matches
358,Yunus Musah\b51b1b9c,us USA,MFFW,Valencia,19-048,2002,15,3,468,5.2,0,0,0,0,0,3,0,0.00,0.00,0.00,0.00,0.00,0.1,0.1,0.9,0.9,0.02,0.17,0.18,0.02,0.18,Matches
359,Shkodran Mustafi\3f2d59fe,de GER,DF,Levante,29-274,1992,10,8,643,7.1,1,0,1,0,0,1,0,0.14,0.00,0.14,0.14,0.14,0.1,0.1,0.0,0.1,0.01,0.00,0.02,0.01,0.02,Matches
360,Nacho\2946f9a1,es ESP,DF,Real Madrid,31-363,1990,15,9,835,9.3,2,0,2,0,0,3,0,0.22,0.00,0.22,0.22,0.22,0.8,0.8,0.2,1.0,0.09,0.02,0.11,0.09,0.11,Matches
361,Roberto Navarro\c997b942,es ESP,MFFW,Real Sociedad,19-279,2002,6,3,199,2.2,0,0,0,0,0,0,0,0.00,0.00,0.00,0.00,0.00,0.7,0.7,0.1,0.8,0.32,0.02,0.35,0.32,0.35,Matches
362,Ximo Navarro\8db394aa,es ESP,DF,Alavés,31-358,1990,9,9,708,7.9,0,0,0,0,0,4,0,0.00,0.00,0.00,0.00,0.00,0.2,0.2,0.2,0.5,0.03,0.03,0.06,0.03,0.06,Matches
363,Jesús Navas\3f10bd22,es ESP,DF,Sevilla,36-056,1985,11,8,832,9.2,0,2,0,0,0,2,0,0.00,0.22,0.22,0.00,0.22,0.1,0.1,3.4,3.5,0.01,0.37,0.38,0.01,0.38,Matches
364,Loum Ndiaye\bcfc4473,sn SEN,MF,Alavés,25-017,1996,19,15,1345,14.9,1,0,1,0,0,3,0,0.07,0.00,0.07,0.07,0.07,1.1,1.1,0.1,1.2,0.07,0.01,0.08,0.07,0.08,Matches
365,Álvaro Negredo\63b0ca6b,es ESP,FW,Cádiz,36-149,1985,17,9,817,9.1,2,0,0,2,2,1,0,0.22,0.00,0.22,0.00,0.00,2.6,1.0,0.1,1.2,0.28,0.01,0.30,0.11,0.13,Matches
366,Neto\a9dc785c,br BRA,GK,Barcelona,32-181,1989,2,2,180,2.0,0,0,0,0,0,0,0,0.00,0.00,0.00,0.00,0.00,0.0,0.0,0.0,0.0,0.00,0.00,0.00,0.00,0.00,Matches
367,Carlos Neva\8d47bb39,es ESP,DF,Granada,25-218,1996,19,17,1536,17.1,0,0,0,0,0,1,0,0.00,0.00,0.00,0.00,0.00,0.3,0.3,1.2,1.5,0.02,0.07,0.09,0.02,0.09,Matches
368,Saúl Ñíguez\c14bc029,es ESP,DFMF,Atlético Madrid,27-056,1994,3,2,201,2.2,0,1,0,0,0,0,0,0.00,0.45,0.45,0.00,0.45,0.4,0.4,0.1,0.5,0.16,0.05,0.21,0.16,0.21,Matches
369,Fernando Niño\81d5c497,es ESP,FW,Mallorca,21-084,2000,16,7,693,7.7,2,0,2,0,0,2,0,0.26,0.00,0.26,0.26,0.26,2.5,2.5,0.2,2.7,0.32,0.03,0.35,0.32,0.35,Matches
370,Peru Nolaskoain\857cb4f3,es ESP,MF,Athletic Club,23-083,1998,1,0,1,0.0,0,0,0,0,0,0,0,0.00,0.00,0.00,0.00,0.00,0.0,0.0,0.0,0.0,0.00,0.00,0.00,0.00,0.00,Matches
371,Nolito\b2d0ec1b,es ESP,MF,Celta Vigo,35-093,1986,20,11,951,10.6,1,0,1,0,0,2,0,0.09,0.00,0.09,0.09,0.09,2.1,2.1,0.7,2.8,0.20,0.06,0.26,0.20,0.26,Matches
372,Randy Ntekja\a6103274,fr FRA,FW,Rayo Vallecano,24-041,1997,17,7,731,8.1,3,0,3,0,0,1,0,0.37,0.00,0.37,0.37,0.37,1.8,1.8,1.3,3.0,0.22,0.15,0.37,0.22,0.37,Matches
373,Unai Núñez\be170419,es ESP,DF,Athletic Club,24-351,1997,7,5,487,5.4,0,0,0,0,0,1,0,0.00,0.00,0.00,0.00,0.00,0.8,0.8,0.1,0.9,0.14,0.01,0.16,0.14,0.16,Matches
374,Allan Nyom\97572117,cm CMR,DF,Getafe,33-251,1988,5,3,244,2.7,0,0,0,0,0,1,0,0.00,0.00,0.00,0.00,0.00,0.0,0.0,0.1,0.1,0.00,0.04,0.04,0.00,0.04,Matches
375,Jan Oblak\ee8508c0,si SVN,GK,Atlético Madrid,29-009,1993,20,20,1800,20.0,0,0,0,0,0,0,0,0.00,0.00,0.00,0.00,0.00,0.0,0.0,0.0,0.0,0.00,0.00,0.00,0.00,0.00,Matches
376,Lucas Ocampos\a08b974a,ar ARG,FW,Sevilla,27-189,1994,16,12,1149,12.8,5,2,5,0,0,4,0,0.39,0.16,0.55,0.39,0.55,3.5,3.5,0.4,3.8,0.27,0.03,0.30,0.27,0.30,Matches
377,Brian Oliván\a3e4bf46,es ESP,DF,Mallorca,27-290,1994,15,12,1127,12.5,1,0,1,0,1,4,0,0.08,0.00,0.08,0.08,0.08,1.3,0.5,1.2,1.7,0.10,0.09,0.20,0.04,0.13,Matches
378,Mathías Olivera\41c12f75,uy URU,DF,Getafe,24-077,1997,17,17,1484,16.5,1,0,1,0,0,5,0,0.06,0.00,0.06,0.06,0.06,1.3,1.3,1.4,2.7,0.08,0.09,0.16,0.08,0.16,Matches
379,Javier Ontiveros\a83d8b0c,es ESP,MFFW,Osasuna,24-129,1997,3,0,39,0.4,0,0,0,0,0,0,0,0.00,0.00,0.00,0.00,0.00,0.1,0.1,0.0,0.1,0.13,0.00,0.13,0.13,0.13,Matches
380,Pedro Ortiz\f9358b61,es ESP,MF,Sevilla,21-150,2000,1,0,7,0.1,0,0,0,0,0,0,0,0.00,0.00,0.00,0.00,0.00,0.4,0.4,0.4,0.7,4.70,4.92,9.63,4.70,9.63,Matches
381,Milutin Osmajić\375ed9d7,me MNE,FWMF,Cádiz,22-175,1999,10,2,257,2.9,0,0,0,0,0,0,0,0.00,0.00,0.00,0.00,0.00,0.3,0.3,0.0,0.3,0.09,0.00,0.09,0.09,0.09,Matches
382,Jesús Owono\d6e3d7fb,gq EQG,GK,Alavés,20-321,2001,1,1,90,1.0,0,0,0,0,0,0,0,0.00,0.00,0.00,0.00,0.00,0.0,0.0,0.0,0.0,0.00,0.00,0.00,0.00,0.00,Matches
383,Mikel Oyarzabal\8c3c640c,es ESP,MFFW,Real Sociedad,24-270,1997,14,13,1082,12.0,7,1,5,2,3,0,1,0.58,0.08,0.67,0.42,0.50,7.1,4.8,2.0,6.8,0.59,0.17,0.76,0.40,0.57,Matches
384,Fernando Pacheco\97852360,es ESP,GK,Alavés,29-243,1992,17,17,1523,16.9,0,0,0,0,0,1,0,0.00,0.00,0.00,0.00,0.00,0.0,0.0,0.0,0.0,0.00,0.00,0.00,0.00,0.00,Matches
385,Jon Pacheco\44150beb,es ESP,DF,Real Sociedad,21-008,2001,4,0,51,0.6,0,0,0,0,0,1,0,0.00,0.00,0.00,0.00,0.00,0.0,0.0,0.0,0.0,0.00,0.00,0.00,0.00,0.00,Matches
386,Gavi Paez\19cae58d,es ESP,MFFW,Barcelona,17-164,2004,17,14,1135,12.6,1,3,1,0,0,7,1,0.08,0.24,0.32,0.08,0.32,2.2,2.2,1.8,4.0,0.17,0.14,0.32,0.17,0.32,Matches
387,Helibelton Palacios\ac8b2421,co COL,DF,Elche,28-221,1993,17,13,1246,13.8,0,0,0,0,0,4,0,0.00,0.00,0.00,0.00,0.00,0.0,0.0,0.2,0.2,0.00,0.01,0.01,0.00,0.01,Matches
388,Isaac Palazón Camacho\49dbab27,es ESP,FWMF,Rayo Vallecano,27-020,1994,20,16,1399,15.5,2,0,2,0,0,4,0,0.13,0.00,0.13,0.13,0.13,2.1,2.1,1.3,3.3,0.13,0.08,0.21,0.13,0.21,Matches
389,Daniel Parejo\7460ca0d,es ESP,MF,Villarreal,32-275,1989,16,15,1311,14.6,0,6,0,0,0,1,0,0.00,0.41,0.41,0.00,0.41,0.6,0.6,4.0,4.6,0.04,0.28,0.31,0.04,0.31,Matches
390,Javier Pastore\881ef58c,ar ARG,MF,Elche,32-210,1989,9,5,386,4.3,0,0,0,0,0,1,0,0.00,0.00,0.00,0.00,0.00,0.3,0.3,0.5,0.8,0.07,0.12,0.19,0.07,0.19,Matches
391,Gabriel Paulista\b7ca5c51,br BRA,DF,Valencia,31-051,1990,12,12,1015,11.3,1,1,1,0,0,1,0,0.09,0.09,0.18,0.09,0.18,0.8,0.8,0.1,1.0,0.07,0.01,0.09,0.07,0.09,Matches
392,Alfonso Pedraza\63f04c6c,es ESP,DF,Villarreal,25-282,1996,13,8,708,7.9,0,2,0,0,0,1,0,0.00,0.25,0.25,0.00,0.25,0.6,0.6,1.2,1.8,0.08,0.15,0.23,0.08,0.23,Matches
393,Pedri\0d9b2d31,es ESP,MF,Barcelona,19-052,2002,2,2,151,1.7,0,0,0,0,0,0,0,0.00,0.00,0.00,0.00,0.00,0.1,0.1,0.1,0.3,0.08,0.08,0.16,0.08,0.16,Matches
394,Pedrosa\112521d1,es ESP,DF,Espanyol,23-248,1998,19,19,1661,18.5,1,1,1,0,0,5,0,0.05,0.05,0.11,0.05,0.11,1.0,1.0,1.3,2.3,0.05,0.07,0.12,0.05,0.12,Matches
395,Facundo Pellistri\ac7e7b1c,uy URU,MFFW,Alavés,20-027,2001,17,6,597,6.6,0,0,0,0,0,0,0,0.00,0.00,0.00,0.00,0.00,0.7,0.7,0.4,1.0,0.10,0.05,0.16,0.10,0.16,Matches
396,Rubén Peña\1f079188,es ESP,MFFW,Villarreal,30-182,1991,6,1,124,1.4,0,0,0,0,0,1,0,0.00,0.00,0.00,0.00,0.00,0.2,0.2,1.1,1.3,0.18,0.77,0.94,0.18,0.94,Matches
397,Alberto Perea\5496cc91,es ESP,MF,Cádiz,31-028,1990,12,7,663,7.4,0,1,0,0,0,2,0,0.00,0.14,0.14,0.00,0.14,0.8,0.8,0.6,1.3,0.10,0.08,0.18,0.10,0.18,Matches
398,Victor Perea\b7de5bad,es ESP,DF,Espanyol,21-290,2000,1,0,4,0.0,0,0,0,0,0,0,0,0.00,0.00,0.00,0.00,0.00,0.0,0.0,0.0,0.0,0.00,0.00,0.00,0.00,0.00,Matches
399,Iñigo Pérez\bc61cc65,es ESP,MF,Osasuna,33-363,1988,5,2,165,1.8,1,0,1,0,0,0,0,0.55,0.00,0.55,0.55,0.55,0.1,0.1,0.0,0.1,0.04,0.00,0.04,0.04,0.04,Matches
400,Juan Pérez\8f29e08b,es ESP,GK,Osasuna,25-185,1996,1,1,90,1.0,0,0,0,0,0,0,0,0.00,0.00,0.00,0.00,0.00,0.0,0.0,0.0,0.0,0.00,0.00,0.00,0.00,0.00,Matches
401,Lucas Pérez\a300ac7e,es ESP,FW,Elche,33-128,1988,16,14,1114,12.4,2,1,2,0,0,0,0,0.16,0.08,0.24,0.16,0.24,2.5,2.5,1.3,3.8,0.20,0.10,0.30,0.20,0.30,Matches
402,Alex Petxa\97d08e60,es ESP,DF,Athletic Club,24-344,1997,5,0,59,0.7,0,0,0,0,0,0,0,0.00,0.00,0.00,0.00,0.00,0.0,0.0,0.0,0.0,0.00,0.00,0.00,0.00,0.00,Matches
403,Germán Pezzella\8c725b43,ar ARG,DF,Betis,30-203,1991,9,8,745,8.3,1,0,1,0,0,1,1,0.12,0.00,0.12,0.12,0.12,0.2,0.2,0.0,0.2,0.03,0.00,0.03,0.03,0.03,Matches
404,Pablo Piatti\48e89655,ar ARG,MFFW,Elche,32-291,1989,5,2,188,2.1,0,0,0,0,0,0,0,0.00,0.00,0.00,0.00,0.00,0.0,0.0,0.4,0.5,0.02,0.20,0.22,0.02,0.22,Matches
405,Cristiano Piccini\32c0491f,it ITA,DF,Valencia,29-112,1992,6,3,322,3.6,1,0,1,0,0,1,0,0.28,0.00,0.28,0.28,0.28,0.1,0.1,0.2,0.3,0.03,0.05,0.08,0.03,0.08,Matches
406,Tomás Pina Isla\e54bd0a2,es ESP,MF,Alavés,34-094,1987,15,8,702,7.8,0,0,0,0,0,1,0,0.00,0.00,0.00,0.00,0.00,0.4,0.4,0.0,0.4,0.05,0.00,0.05,0.05,0.05,Matches
407,Yeremi Pino\540ec57b,es ESP,MFFW,Villarreal,19-088,2002,19,13,1041,11.6,2,4,2,0,0,2,0,0.17,0.35,0.52,0.17,0.52,2.7,2.7,2.5,5.2,0.24,0.21,0.45,0.24,0.45,Matches
408,Gerard Piqué\adfc9123,es ESP,DF,Barcelona,34-348,1987,17,15,1294,14.4,1,0,1,0,0,5,0,0.07,0.00,0.07,0.07,0.07,1.7,1.7,0.0,1.7,0.12,0.00,0.12,0.12,0.12,Matches
409,Pere Pons\29b61deb,es ESP,MF,Alavés,28-330,1993,13,11,851,9.5,1,0,1,0,0,0,0,0.11,0.00,0.11,0.11,0.11,1.2,1.2,0.5,1.7,0.12,0.06,0.18,0.12,0.18,Matches
410,Portu\1bda5842,es ESP,FWMF,Real Sociedad,29-240,1992,20,10,945,10.5,0,2,0,0,0,3,0,0.00,0.19,0.19,0.00,0.19,1.7,1.7,0.9,2.6,0.16,0.09,0.25,0.16,0.25,Matches
411,Sergio Postigo\474ecac8,es ESP,DF,Levante,33-073,1988,4,2,208,2.3,0,0,0,0,0,1,0,0.00,0.00,0.00,0.00,0.00,0.0,0.0,0.0,0.0,0.00,0.00,0.00,0.00,0.00,Matches
412,Darío Poveda\cbdf7d5c,es ESP,FWMF,Getafe,24-309,1997,14,3,374,4.2,1,0,1,0,0,0,0,0.24,0.00,0.24,0.24,0.24,0.2,0.2,0.1,0.3,0.04,0.03,0.07,0.04,0.07,Matches
413,José Pozo\fc8b614b,es ESP,MF,Rayo Vallecano,25-307,1996,5,0,72,0.8,0,0,0,0,0,0,0,0.00,0.00,0.00,0.00,0.00,0.1,0.1,0.3,0.5,0.16,0.43,0.60,0.16,0.60,Matches
414,Abdón Prats\d1b060e2,es ESP,FWMF,Mallorca,29-040,1992,14,3,339,3.8,1,0,1,0,0,3,0,0.27,0.00,0.27,0.27,0.27,1.4,1.4,0.2,1.6,0.38,0.05,0.42,0.38,0.42,Matches
415,Javi Puado\2683eda7,es ESP,MFFW,Espanyol,23-236,1998,13,9,812,9.0,3,0,3,0,0,2,0,0.33,0.00,0.33,0.33,0.33,2.2,2.2,0.3,2.5,0.24,0.03,0.28,0.24,0.28,Matches
416,Pubill\365113c0,es ESP,DF,Levante,18-210,2003,2,2,180,2.0,0,0,0,0,0,0,0,0.00,0.00,0.00,0.00,0.00,0.0,0.0,0.0,0.0,0.02,0.00,0.02,0.02,0.02,Matches
417,Antonio Puertas\c77a8043,es ESP,MFFW,Granada,29-329,1992,16,11,1054,11.7,4,1,4,0,0,2,0,0.34,0.09,0.43,0.34,0.43,1.7,1.7,0.4,2.1,0.15,0.03,0.18,0.15,0.18,Matches
418,Riqui Puig\f090a37a,es ESP,MF,Barcelona,22-156,1999,10,1,302,3.4,0,0,0,0,0,0,0,0.00,0.00,0.00,0.00,0.00,0.3,0.3,0.2,0.5,0.09,0.07,0.15,0.09,0.15,Matches
419,Yacine Qasmi\3b3cbebb,ma MAR,MF,Rayo Vallecano,31-013,1991,1,0,4,0.0,0,0,0,0,0,0,0,0.00,0.00,0.00,0.00,0.00,0.0,0.0,0.0,0.0,0.00,0.00,0.00,0.00,0.00,Matches
420,Quini\7a538238,es ESP,DF,Granada,32-114,1989,15,14,1140,12.7,0,0,0,0,0,6,0,0.00,0.00,0.00,0.00,0.00,0.3,0.3,0.3,0.6,0.02,0.03,0.05,0.02,0.05,Matches
421,Dani Raba\ea6a7ab4,es ESP,FWMF,Villarreal,26-079,1995,5,0,82,0.9,0,0,0,0,0,1,0,0.00,0.00,0.00,0.00,0.00,0.0,0.0,0.2,0.2,0.00,0.18,0.18,0.00,0.18,Matches
422,Uroš Račić\faed84db,rs SRB,MF,Valencia,23-305,1998,12,6,540,6.0,0,0,0,0,0,2,1,0.00,0.00,0.00,0.00,0.00,0.2,0.2,0.1,0.4,0.04,0.02,0.06,0.04,0.06,Matches
423,Nemanja Radoja\b5dd3469,rs SRB,MF,Levante,28-344,1993,10,8,569,6.3,0,0,0,0,0,1,0,0.00,0.00,0.00,0.00,0.00,0.0,0.0,0.0,0.0,0.00,0.00,0.00,0.00,0.00,Matches
424,Rafinha\0c2ac3cb,br BRA,MF,Real Sociedad,28-338,1993,1,1,77,0.9,0,0,0,0,0,0,0,0.00,0.00,0.00,0.00,0.00,0.4,0.4,0.1,0.5,0.46,0.15,0.61,0.46,0.61,Matches
425,Antonio Raillo\b857bd29,es ESP,DF,Mallorca,30-100,1991,1,1,90,1.0,0,0,0,0,0,0,0,0.00,0.00,0.00,0.00,0.00,0.0,0.0,0.0,0.0,0.01,0.00,0.01,0.01,0.01,Matches
426,Ivan Rakitić\89f951b5,hr CRO,MF,Sevilla,33-312,1988,17,12,990,11.0,2,3,2,0,0,5,0,0.18,0.27,0.45,0.18,0.45,1.0,1.0,1.3,2.2,0.09,0.11,0.20,0.09,0.20,Matches
427,Sandro Ramírez\833fb62e,es ESP,FW,Getafe,26-191,1995,14,12,872,9.7,2,0,2,0,0,4,0,0.21,0.00,0.21,0.21,0.21,2.0,2.0,0.6,2.6,0.21,0.06,0.26,0.21,0.26,Matches
428,Lluís Recasens\c31ea173,es ESP,DF,Espanyol,20-047,2001,1,0,45,0.5,0,0,0,0,0,0,0,0.00,0.00,0.00,0.00,0.00,0.0,0.0,0.0,0.0,0.00,0.00,0.00,0.00,0.00,Matches
429,Manolo Reina\605eb473,es ESP,GK,Mallorca,36-290,1985,18,18,1620,18.0,0,0,0,0,0,3,0,0.00,0.00,0.00,0.00,0.00,0.0,0.0,0.3,0.3,0.00,0.02,0.02,0.00,0.02,Matches
430,Karim Rekik\3376a776,nl NED,DF,Sevilla,27-045,1994,11,6,596,6.6,0,2,0,0,0,2,0,0.00,0.30,0.30,0.00,0.30,0.2,0.2,0.3,0.5,0.03,0.05,0.08,0.03,0.08,Matches
431,Álex Remiro\374ee424,es ESP,GK,Real Sociedad,26-298,1995,17,17,1530,17.0,0,0,0,0,0,0,0,0.00,0.00,0.00,0.00,0.00,0.0,0.0,0.0,0.0,0.00,0.00,0.00,0.00,0.00,Matches
432,Nico Ribaudo\ce8039aa,es ESP,MFFW,Espanyol,20-280,2001,20,5,745,8.3,1,0,1,0,0,3,0,0.12,0.00,0.12,0.12,0.12,0.7,0.7,0.9,1.6,0.09,0.11,0.20,0.09,0.20,Matches
433,Diego Rico\d9ba39fc,es ESP,DF,Real Sociedad,28-327,1993,8,6,494,5.5,0,0,0,0,0,2,0,0.00,0.00,0.00,0.00,0.00,0.0,0.0,0.3,0.3,0.00,0.05,0.05,0.00,0.05,Matches
434,Luis Rioja\eb3dd471,es ESP,MFFW,Alavés,28-092,1993,20,19,1665,18.5,1,1,1,0,0,3,0,0.05,0.05,0.11,0.05,0.11,2.3,2.3,1.8,4.1,0.12,0.10,0.22,0.12,0.22,Matches
435,Rober\c00097d2,es ESP,DF,Levante,26-334,1995,12,7,713,7.9,1,0,1,0,0,3,1,0.13,0.00,0.13,0.13,0.13,0.9,0.9,0.0,0.9,0.11,0.00,0.12,0.11,0.12,Matches
436,Sergi Roberto\335fa267,es ESP,MFDF,Barcelona,29-343,1992,9,4,400,4.4,2,1,2,0,0,1,0,0.45,0.23,0.68,0.45,0.68,1.6,1.6,0.3,2.0,0.36,0.08,0.44,0.36,0.44,Matches
437,Rubén Rochina\ecd8c01e,es ESP,MFFW,Granada,30-299,1991,10,8,678,7.5,1,3,1,0,0,2,0,0.13,0.40,0.53,0.13,0.53,0.6,0.6,0.6,1.2,0.08,0.08,0.16,0.08,0.16,Matches
438,Enzo Roco\37f827ec,cl CHI,DF,Elche,29-153,1992,17,16,1404,15.6,1,0,1,0,0,6,0,0.06,0.00,0.06,0.06,0.06,0.6,0.6,0.1,0.7,0.04,0.01,0.05,0.04,0.05,Matches
439,Rodrigo\85bed4ee,es ESP,FW,Betis,21-245,2000,13,8,639,7.1,1,1,1,0,0,0,0,0.14,0.14,0.28,0.14,0.28,1.1,1.1,0.9,1.9,0.15,0.13,0.27,0.15,0.27,Matches
440,Kévin Rodrigues\f1bed920,pt POR,FWDF,Rayo Vallecano,27-317,1994,7,1,105,1.2,0,0,0,0,0,0,0,0.00,0.00,0.00,0.00,0.00,0.0,0.0,0.0,0.0,0.00,0.00,0.00,0.00,0.00,Matches
441,Óscar Rodríguez Arnaiz\19709006,es ESP,FWMF,Sevilla,23-202,1998,11,4,417,4.6,0,0,0,0,0,1,0,0.00,0.00,0.00,0.00,0.00,0.9,0.9,1.2,2.1,0.19,0.26,0.45,0.19,0.45,Matches
442,Ángel Rodríguez\8cfc2f69,es ESP,FW,Mallorca,34-265,1987,14,9,756,8.4,1,2,1,0,0,1,0,0.12,0.24,0.36,0.12,0.36,2.9,2.9,1.1,4.0,0.35,0.13,0.47,0.35,0.47,Matches
443,Dani Rodríguez\70f8e0bd,es ESP,FWMF,Mallorca,33-224,1988,18,18,1596,17.7,3,2,3,0,0,5,0,0.17,0.11,0.28,0.17,0.28,1.7,1.7,1.6,3.3,0.10,0.09,0.18,0.10,0.18,Matches
444,Guido Rodríguez\34e393f2,ar ARG,MF,Betis,27-279,1994,16,14,1180,13.1,0,2,0,0,0,7,1,0.00,0.15,0.15,0.00,0.15,0.4,0.4,0.4,0.8,0.03,0.03,0.06,0.03,0.06,Matches
445,Rodrygo\8f5e92a6,br BRA,FWMF,Real Madrid,21-007,2001,16,6,580,6.4,0,1,0,0,0,4,0,0.00,0.16,0.16,0.00,0.16,1.1,1.1,0.4,1.6,0.17,0.07,0.24,0.17,0.24,Matches
446,Leonardo Román\924ff27e,es ESP,GK,Mallorca,21-194,2000,1,1,90,1.0,0,0,0,0,0,0,0,0.00,0.00,0.00,0.00,0.00,0.0,0.0,0.0,0.0,0.00,0.00,0.00,0.00,0.00,Matches
447,Iván Romero\2fbe6af0,es ESP,FW,Sevilla,20-281,2001,3,2,125,1.4,0,0,0,0,0,0,0,0.00,0.00,0.00,0.00,0.00,0.5,0.5,0.0,0.5,0.38,0.00,0.38,0.38,0.38,Matches
448,Rubén\35d4f151,es ESP,DF,Espanyol,20-346,2001,2,0,18,0.2,0,0,0,0,0,0,0,0.00,0.00,0.00,0.00,0.00,0.0,0.0,0.0,0.0,0.00,0.00,0.00,0.00,0.00,Matches
449,Aitor Ruibal\a55d8df5,es ESP,FWDF,Betis,25-300,1996,11,6,504,5.6,0,0,0,0,0,2,0,0.00,0.00,0.00,0.00,0.00,0.5,0.5,0.2,0.8,0.09,0.04,0.14,0.09,0.14,Matches
450,Isma Ruiz\6e36226f,es ESP,MF,Granada,20-336,2001,4,1,125,1.4,0,0,0,0,0,1,0,0.00,0.00,0.00,0.00,0.00,0.0,0.0,0.0,0.0,0.02,0.00,0.02,0.02,0.02,Matches
451,Víctor Ruiz\b3dc6eca,es ESP,DF,Betis,32-356,1989,12,12,996,11.1,0,0,0,0,0,1,0,0.00,0.00,0.00,0.00,0.00,0.4,0.4,0.1,0.5,0.03,0.01,0.04,0.03,0.04,Matches
452,Gerónimo Rulli\625c144a,ar ARG,GK,Villarreal,29-241,1992,18,18,1620,18.0,0,0,0,0,0,1,0,0.00,0.00,0.00,0.00,0.00,0.0,0.0,0.0,0.0,0.00,0.00,0.00,0.00,0.00,Matches
453,Franco Russo\b75ac54b,ar ARG,DF,Mallorca,27-083,1994,14,14,1215,13.5,1,0,1,0,0,3,0,0.07,0.00,0.07,0.07,0.07,0.2,0.2,0.0,0.2,0.01,0.00,0.01,0.01,0.01,Matches
454,Mathew Ryan\4535e4bb,au AUS,GK,Real Sociedad,29-283,1992,3,3,270,3.0,0,0,0,0,0,0,0,0.00,0.00,0.00,0.00,0.00,0.0,0.0,0.0,0.0,0.00,0.00,0.00,0.00,0.00,Matches
455,Salvi\405f267a,es ESP,MFFW,Cádiz,30-292,1991,15,12,1019,11.3,1,1,1,0,1,2,1,0.09,0.09,0.18,0.09,0.18,2.2,1.4,1.2,2.6,0.19,0.10,0.30,0.12,0.23,Matches
456,Oihan Sancet\bdb624a3,es ESP,FW,Athletic Club,21-266,2000,17,9,835,9.3,4,3,4,0,0,0,0,0.43,0.32,0.75,0.43,0.75,1.9,1.9,1.2,3.1,0.20,0.13,0.33,0.20,0.33,Matches
457,Antonio Sánchez\a254bbe0,es ESP,FWMF,Mallorca,25-015,1997,11,8,644,7.2,1,0,1,0,0,1,1,0.14,0.00,0.14,0.14,0.14,0.6,0.6,0.2,0.8,0.08,0.02,0.11,0.08,0.11,Matches
458,Germán Sánchez\ea9b2ef9,es ESP,DF,Granada,35-077,1986,16,14,1205,13.4,2,0,2,0,0,5,0,0.15,0.00,0.15,0.15,0.15,0.8,0.8,0.0,0.8,0.06,0.00,0.06,0.06,0.06,Matches
459,Juan Sánchez\ff4f78e1,es ESP,MF,Sevilla,18-154,2003,1,0,5,0.1,0,0,0,0,0,1,0,0.00,0.00,0.00,0.00,0.00,0.0,0.0,0.0,0.0,0.00,0.00,0.00,0.00,0.00,Matches
460,Manuel Sánchez\ffacd3d5,es ESP,DF,Osasuna,21-145,2000,18,13,1170,13.0,1,2,1,0,0,4,0,0.08,0.15,0.23,0.08,0.23,0.3,0.3,0.7,1.0,0.02,0.06,0.08,0.02,0.08,Matches
461,Oier Sanjurjo\466824fb,es ESP,MF,Osasuna,35-236,1986,15,5,471,5.2,0,0,0,0,0,2,0,0.00,0.00,0.00,0.00,0.00,0.4,0.4,0.2,0.6,0.08,0.04,0.12,0.08,0.12,Matches
462,Sergio Santos\cf59e05f,es ESP,DF,Real Madrid,21-013,2001,1,0,11,0.1,0,0,0,0,0,0,0,0.00,0.00,0.00,0.00,0.00,0.0,0.0,0.0,0.0,0.00,0.32,0.32,0.00,0.32,Matches
463,Alvaro Sanz\eaefa2d0,es ESP,MFFW,Barcelona,20-336,2001,2,0,29,0.3,0,0,0,0,0,0,0,0.00,0.00,0.00,0.00,0.00,0.0,0.0,0.0,0.0,0.00,0.05,0.05,0.00,0.05,Matches
464,Joan Sastre Vanrell\f9acf8bf,es ESP,DF,Mallorca,24-261,1997,7,2,258,2.9,0,0,0,0,0,1,0,0.00,0.00,0.00,0.00,0.00,0.0,0.0,0.0,0.0,0.02,0.00,0.02,0.02,0.02,Matches
465,Esteban Saveljich\79f2a5f5,me MNE,DF,Rayo Vallecano,30-241,1991,16,16,1381,15.3,0,0,0,0,0,3,0,0.00,0.00,0.00,0.00,0.00,0.8,0.8,0.3,1.0,0.05,0.02,0.07,0.05,0.07,Matches
466,Stefan Savić\f6ac68c1,me MNE,DF,Atlético Madrid,31-008,1991,13,13,1090,12.1,0,0,0,0,0,2,0,0.00,0.00,0.00,0.00,0.00,1.1,1.1,0.1,1.2,0.09,0.01,0.10,0.09,0.10,Matches
467,Valentino Scotta\98529579,es ESP,DF,Sevilla,20-159,2001,1,0,1,0.0,0,0,0,0,0,0,0,0.00,0.00,0.00,0.00,0.00,0.0,0.0,0.0,0.0,0.00,0.00,0.00,0.00,0.00,Matches
468,Aleksandar Sedlar\a35134ae,rs SRB,DFMF,Mallorca,30-034,1991,9,3,384,4.3,0,0,0,0,0,5,1,0.00,0.00,0.00,0.00,0.00,0.0,0.0,0.0,0.0,0.00,0.01,0.01,0.00,0.01,Matches
469,Nicolás Serrano\2ad0e5e5,es ESP,MFFW,Athletic Club,18-317,2003,7,0,62,0.7,0,0,0,0,0,0,0,0.00,0.00,0.00,0.00,0.00,0.1,0.1,0.1,0.2,0.16,0.09,0.25,0.16,0.25,Matches
470,Salva Sevilla\75bd85ea,es ESP,MF,Mallorca,37-304,1984,11,6,549,6.1,1,2,0,1,1,0,0,0.16,0.33,0.49,0.00,0.33,1.2,0.4,1.2,1.6,0.19,0.20,0.39,0.07,0.27,Matches
471,David Silva\e2716bd0,es ESP,MF,Real Sociedad,36-008,1986,11,11,776,8.6,0,1,0,0,0,1,0,0.00,0.12,0.12,0.00,0.12,0.8,0.8,1.0,1.8,0.10,0.11,0.21,0.10,0.21,Matches
472,Jonathan Silva\f2308b33,ar ARG,DFMF,Getafe,27-201,1994,8,1,216,2.4,0,0,0,0,0,3,0,0.00,0.00,0.00,0.00,0.00,0.0,0.0,0.1,0.1,0.01,0.04,0.05,0.01,0.05,Matches
473,Rui Silva\ea83bfa6,pt POR,GK,Betis,27-343,1994,13,13,1170,13.0,0,0,0,0,0,2,0,0.00,0.00,0.00,0.00,0.00,0.0,0.0,0.0,0.0,0.00,0.00,0.00,0.00,0.00,Matches
474,Unai Simón\5dcf3e90,es ESP,GK,Athletic Club,24-219,1997,17,17,1530,17.0,0,0,0,0,0,1,0,0.00,0.00,0.00,0.00,0.00,0.0,0.0,0.0,0.0,0.00,0.00,0.00,0.00,0.00,Matches
475,Antonio Sivera\9970da54,es ESP,GK,Alavés,25-158,1996,3,2,187,2.1,0,0,0,0,0,1,0,0.00,0.00,0.00,0.00,0.00,0.0,0.0,0.0,0.0,0.00,0.00,0.00,0.00,0.00,Matches
476,Rubén Sobrino\19b776e9,es ESP,FWMF,Cádiz,29-229,1992,16,13,1131,12.6,0,1,0,0,0,1,0,0.00,0.08,0.08,0.00,0.08,2.3,2.3,1.0,3.2,0.18,0.08,0.26,0.18,0.26,Matches
477,Rubén Sobrino\19b776e9,es ESP,MF,Valencia,29-229,1992,1,0,14,0.2,0,0,0,0,0,0,0,0.00,0.00,0.00,0.00,0.00,0.0,0.0,0.0,0.0,0.00,0.00,0.00,0.00,0.00,Matches
478,Augusto Solari\3ca6106c,ar ARG,MFDF,Celta Vigo,30-013,1992,12,2,380,4.2,0,0,0,0,0,4,0,0.00,0.00,0.00,0.00,0.00,0.3,0.3,0.2,0.5,0.07,0.05,0.12,0.07,0.12,Matches
479,Roberto Soldado\9d66fbe3,es ESP,FW,Levante,36-234,1985,11,6,484,5.4,1,1,1,0,0,6,1,0.19,0.19,0.37,0.19,0.37,1.1,1.1,0.4,1.5,0.21,0.08,0.29,0.21,0.29,Matches
480,Carlos Soler\fed17f5a,es ESP,MF,Valencia,25-014,1997,15,13,1161,12.9,7,2,2,5,5,3,0,0.54,0.16,0.70,0.16,0.31,5.6,1.8,2.2,4.0,0.43,0.17,0.60,0.14,0.31,Matches
481,Son\037dbd30,es ESP,DF,Levante,27-292,1994,10,8,715,7.9,1,0,1,0,0,0,1,0.13,0.00,0.13,0.13,0.13,0.6,0.6,0.4,1.0,0.07,0.05,0.12,0.07,0.12,Matches
482,David Soria\8f8c6934,es ESP,GK,Getafe,28-287,1993,20,20,1800,20.0,0,0,0,0,0,3,0,0.00,0.00,0.00,0.00,0.00,0.0,0.0,0.0,0.0,0.00,0.00,0.00,0.00,0.00,Matches
483,Alberto Soro\452c3055,es ESP,MFFW,Granada,22-313,1999,11,7,526,5.8,0,0,0,0,0,0,0,0.00,0.00,0.00,0.00,0.00,0.5,0.5,0.6,1.1,0.08,0.10,0.18,0.08,0.18,Matches
484,Hugo Sotelo\3aa74860,es ESP,MF,Celta Vigo,18-028,2003,1,0,2,0.0,0,0,0,0,0,0,0,0.00,0.00,0.00,0.00,0.00,0.0,0.0,0.0,0.0,0.00,0.00,0.00,0.00,0.00,Matches
485,Damián Suárez\ba5004e1,uy URU,DFMF,Getafe,33-264,1988,18,16,1474,16.4,0,3,0,0,0,7,0,0.00,0.18,0.18,0.00,0.18,0.4,0.4,2.3,2.7,0.03,0.14,0.16,0.03,0.16,Matches
486,Denis Suárez\12c50af5,es ESP,MF,Celta Vigo,28-010,1994,20,16,1412,15.7,2,1,2,0,0,3,0,0.13,0.06,0.19,0.13,0.19,1.2,1.2,2.4,3.6,0.08,0.15,0.23,0.08,0.23,Matches
487,Luis Suárez\a6154613,uy URU,FW,Atlético Madrid,34-357,1987,19,13,1128,12.5,7,1,6,1,1,5,0,0.56,0.08,0.64,0.48,0.56,5.5,4.7,1.1,5.8,0.44,0.08,0.52,0.38,0.46,Matches
488,Mario Suárez\7106f0a0,es ESP,DFMF,Rayo Vallecano,34-326,1987,3,1,93,1.0,0,0,0,0,0,0,0,0.00,0.00,0.00,0.00,0.00,0.0,0.0,0.0,0.0,0.00,0.04,0.04,0.00,0.04,Matches
489,Suso\4e219ad2,es ESP,FW,Sevilla,28-058,1993,8,6,384,4.3,0,1,0,0,0,0,0,0.00,0.23,0.23,0.00,0.23,0.2,0.2,0.4,0.6,0.05,0.09,0.14,0.05,0.14,Matches
490,Mamadou Sylla\e5ec95f8,sn SEN,FW,Alavés,27-302,1994,13,4,394,4.4,0,0,0,0,0,1,0,0.00,0.00,0.00,0.00,0.00,0.2,0.2,0.1,0.3,0.05,0.02,0.07,0.05,0.07,Matches
491,Alexander Sørloth\e92cd3f7,no NOR,FW,Real Sociedad,26-042,1995,15,6,562,6.2,1,0,1,0,0,1,0,0.16,0.00,0.16,0.16,0.16,2.2,2.2,1.0,3.2,0.35,0.17,0.51,0.35,0.51,Matches
492,Tachi\8b625720,es ESP,DF,Alavés,24-128,1997,4,2,194,2.2,0,0,0,0,0,1,0,0.00,0.00,0.00,0.00,0.00,0.0,0.0,0.0,0.0,0.00,0.00,0.00,0.00,0.00,Matches
493,Renato Tapia\34269bdf,pe PER,MF,Celta Vigo,26-172,1995,15,12,1053,11.7,0,0,0,0,0,6,0,0.00,0.00,0.00,0.00,0.00,0.5,0.5,0.1,0.6,0.04,0.01,0.05,0.04,0.05,Matches
494,Cristian Tello\72a99e38,es ESP,FWMF,Betis,30-158,1991,13,2,424,4.7,0,1,0,0,0,1,0,0.00,0.21,0.21,0.00,0.21,1.0,1.0,1.5,2.5,0.21,0.31,0.52,0.21,0.52,Matches
495,Marc-André ter Stegen\6f51e382,de GER,GK,Barcelona,29-261,1992,18,18,1620,18.0,0,0,0,0,0,3,0,0.00,0.00,0.00,0.00,0.00,0.0,0.0,0.0,0.0,0.00,0.00,0.00,0.00,0.00,Matches
496,David Timor\174651c8,es ESP,MF,Getafe,32-091,1989,7,3,341,3.8,0,0,0,0,0,2,0,0.00,0.00,0.00,0.00,0.00,0.2,0.2,0.0,0.2,0.06,0.00,0.06,0.06,0.06,Matches
497,Raúl de Tomás\02ef8778,es ESP,FW,Espanyol,27-091,1994,19,19,1676,18.6,10,2,6,4,4,3,1,0.54,0.11,0.64,0.32,0.43,9.4,6.3,1.2,7.5,0.50,0.06,0.56,0.34,0.40,Matches
498,Raúl Torrente\4d753a3f,es ESP,DF,Granada,20-321,2001,9,7,667,7.4,0,0,0,0,0,1,0,0.00,0.00,0.00,0.00,0.00,0.1,0.1,0.4,0.5,0.02,0.05,0.07,0.02,0.07,Matches
499,Óliver Torres\58a9a4d9,es ESP,MFFW,Sevilla,27-067,1994,10,6,393,4.4,1,1,1,0,0,0,0,0.23,0.23,0.46,0.23,0.46,0.3,0.3,0.1,0.4,0.07,0.03,0.10,0.07,0.10,Matches
500,Pau Torres\532e1e4f,es ESP,DF,Villarreal,25-000,1997,17,17,1530,17.0,3,0,3,0,0,3,0,0.18,0.00,0.18,0.18,0.18,1.9,1.9,0.6,2.5,0.11,0.04,0.15,0.11,0.15,Matches
501,Roberto Torres\d733aa38,es ESP,MFFW,Osasuna,32-315,1989,15,5,547,6.1,2,2,0,2,2,2,0,0.33,0.33,0.66,0.00,0.33,1.9,0.4,2.0,2.4,0.31,0.33,0.65,0.06,0.40,Matches
502,Lucas Torró\0e4fef6e,es ESP,MF,Osasuna,27-181,1994,17,17,1457,16.2,1,0,1,0,0,8,0,0.06,0.00,0.06,0.06,0.06,0.9,0.9,0.1,1.1,0.06,0.01,0.07,0.06,0.07,Matches
503,Óscar Trejo\fc647b34,ar ARG,MF,Rayo Vallecano,33-265,1988,18,16,1155,12.8,3,9,0,3,3,7,0,0.23,0.70,0.94,0.00,0.70,2.9,0.7,3.4,4.1,0.23,0.27,0.50,0.05,0.32,Matches
504,Manu Trigueros\963829d0,es ESP,MFFW,Villarreal,30-091,1991,19,16,1182,13.1,4,2,4,0,0,2,0,0.30,0.15,0.46,0.30,0.46,2.9,2.9,1.9,4.8,0.22,0.14,0.36,0.22,0.36,Matches
505,Kieran Trippier\21512407,eng ENG,DF,Atlético Madrid,31-119,1990,15,12,976,10.8,0,0,0,0,0,1,0,0.00,0.00,0.00,0.00,0.00,0.1,0.1,0.2,0.4,0.01,0.02,0.03,0.01,0.03,Matches
506,Beñat Turrientes\068f4dec,es ESP,MF,Real Sociedad,19-350,2002,7,1,198,2.2,0,0,0,0,0,1,0,0.00,0.00,0.00,0.00,0.00,0.4,0.4,0.1,0.6,0.20,0.05,0.25,0.20,0.25,Matches
507,Samuel Umtiti\3eed9821,fr FRA,DF,Barcelona,28-063,1993,1,1,90,1.0,0,0,0,0,0,1,0,0.00,0.00,0.00,0.00,0.00,0.0,0.0,0.0,0.0,0.00,0.00,0.00,0.00,0.00,Matches
508,Enes Ünal\f8eca1b6,tr TUR,FW,Getafe,24-251,1997,20,16,1350,15.0,6,0,6,0,1,4,0,0.40,0.00,0.40,0.40,0.40,4.5,3.8,0.6,4.4,0.30,0.04,0.34,0.25,0.29,Matches
509,Álvaro Vadillo\61b62b33,es ESP,MFDF,Espanyol,27-126,1994,3,0,7,0.1,0,0,0,0,0,1,0,0.00,0.00,0.00,0.00,0.00,0.0,0.0,0.0,0.0,0.00,0.00,0.00,0.00,0.00,Matches
510,Óscar Valentín\592f3158,es ESP,MF,Rayo Vallecano,27-149,1994,18,14,1277,14.2,0,0,0,0,0,5,0,0.00,0.00,0.00,0.00,0.00,1.0,1.0,0.4,1.4,0.07,0.03,0.10,0.07,0.10,Matches
511,Germán Valera\84f55b4a,es ESP,FWMF,Real Sociedad,19-306,2002,3,0,51,0.6,0,0,0,0,0,0,0,0.00,0.00,0.00,0.00,0.00,0.0,0.0,0.0,0.0,0.05,0.00,0.05,0.05,0.05,Matches
512,Martin Valjent\f2c6ac01,sk SVK,DF,Mallorca,26-036,1995,19,19,1651,18.3,0,0,0,0,0,2,0,0.00,0.00,0.00,0.00,0.00,0.2,0.2,0.5,0.7,0.01,0.03,0.04,0.01,0.04,Matches
513,Jesús Vallejo\c2111b45,es ESP,DF,Real Madrid,25-011,1997,1,0,8,0.1,0,0,0,0,0,0,0,0.00,0.00,0.00,0.00,0.00,0.0,0.0,0.0,0.0,0.00,0.00,0.00,0.00,0.00,Matches
514,Manu Vallejo\0bc4e720,es ESP,FWMF,Valencia,24-336,1997,9,0,98,1.1,0,0,0,0,0,3,0,0.00,0.00,0.00,0.00,0.00,0.2,0.2,0.1,0.3,0.20,0.09,0.29,0.20,0.29,Matches
515,Federico Valverde\0959c2a2,uy URU,MF,Real Madrid,23-178,1998,16,10,931,10.3,0,1,0,0,0,0,0,0.00,0.10,0.10,0.00,0.10,0.3,0.3,0.9,1.2,0.03,0.08,0.11,0.03,0.11,Matches
516,José Luis García Vayá\27dc1378,es ESP,MF,Levante,23-158,1998,11,8,612,6.8,0,0,0,0,0,6,0,0.00,0.00,0.00,0.00,0.00,0.0,0.0,0.4,0.4,0.00,0.06,0.06,0.00,0.06,Matches
517,Jesus Vazquez\106c142c,es ESP,DFMF,Valencia,19-014,2003,4,2,147,1.6,0,0,0,0,0,0,0,0.00,0.00,0.00,0.00,0.00,0.1,0.1,0.1,0.2,0.08,0.04,0.12,0.08,0.12,Matches
518,Kevin Vázquez\ee923664,es ESP,DF,Celta Vigo,28-299,1993,7,6,585,6.5,0,1,0,0,0,1,0,0.00,0.15,0.15,0.00,0.15,0.0,0.0,0.0,0.0,0.00,0.00,0.00,0.00,0.00,Matches
519,Lucas Vázquez\fd51b456,es ESP,DF,Real Madrid,30-199,1991,16,10,967,10.7,1,0,1,0,0,0,0,0.09,0.00,0.09,0.09,0.09,0.9,0.9,1.2,2.1,0.08,0.11,0.20,0.08,0.20,Matches
520,Gabriel Veiga\35a6e5c7,es ESP,MFFW,Celta Vigo,19-234,2002,2,0,9,0.1,0,0,0,0,0,0,0,0.00,0.00,0.00,0.00,0.00,0.0,0.0,0.0,0.0,0.00,0.00,0.00,0.00,0.00,Matches
521,Unai Vencedor Paris\4112ace5,es ESP,MF,Athletic Club,21-062,2000,20,19,1490,16.6,0,0,0,0,0,3,0,0.00,0.00,0.00,0.00,0.00,0.8,0.8,0.2,1.0,0.05,0.01,0.06,0.05,0.06,Matches
522,Gonzalo Verdú\1c2c55fc,es ESP,DF,Elche,33-087,1988,10,9,756,8.4,0,0,0,0,0,7,0,0.00,0.00,0.00,0.00,0.00,0.1,0.1,0.0,0.1,0.01,0.00,0.01,0.01,0.01,Matches
523,Mikel Vesga\b0fce72c,es ESP,MF,Athletic Club,28-240,1993,16,4,401,4.5,0,0,0,0,0,0,0,0.00,0.00,0.00,0.00,0.00,0.4,0.4,0.3,0.7,0.09,0.06,0.15,0.09,0.15,Matches
524,Rúben Vezo\c67cd65c,pt POR,DF,Levante,27-266,1994,18,17,1535,17.1,0,0,0,0,0,3,0,0.00,0.00,0.00,0.00,0.00,0.3,0.3,0.2,0.5,0.02,0.01,0.03,0.02,0.03,Matches
525,Aleix Vidal\04965583,es ESP,DFMF,Espanyol,32-148,1989,16,14,1165,12.9,2,0,2,0,0,4,0,0.15,0.00,0.15,0.15,0.15,0.7,0.7,1.0,1.7,0.05,0.08,0.13,0.05,0.13,Matches
526,Nacho Vidal\3a9c4b7b,es ESP,DF,Osasuna,26-357,1995,19,18,1584,17.6,0,0,0,0,0,3,0,0.00,0.00,0.00,0.00,0.00,0.7,0.7,0.6,1.3,0.04,0.04,0.07,0.04,0.07,Matches
527,Dídac Vilà\bad38a94,es ESP,DF,Espanyol,32-221,1989,4,1,149,1.7,0,0,0,0,0,1,0,0.00,0.00,0.00,0.00,0.00,0.0,0.0,0.1,0.1,0.00,0.03,0.03,0.00,0.03,Matches
528,Asier Villalibre\57be54ec,es ESP,FW,Athletic Club,24-108,1997,7,1,205,2.3,0,0,0,0,0,0,0,0.00,0.00,0.00,0.00,0.00,0.8,0.8,0.0,0.9,0.37,0.01,0.37,0.37,0.37,Matches
529,Vitolo\db750822,es ESP,MFFW,Getafe,32-075,1989,7,1,221,2.5,0,0,0,0,0,0,0,0.00,0.00,0.00,0.00,0.00,0.0,0.0,0.1,0.2,0.02,0.06,0.07,0.02,0.07,Matches
530,Daniel Vivian\ab7bf91d,es ESP,DF,Athletic Club,22-185,1999,9,9,777,8.6,1,0,1,0,0,0,0,0.12,0.00,0.12,0.12,0.12,0.7,0.7,0.0,0.7,0.08,0.00,0.08,0.08,0.08,Matches
531,Šime Vrsaljko\46a8347f,hr CRO,DF,Atlético Madrid,30-006,1992,7,1,240,2.7,1,1,1,0,0,1,0,0.37,0.37,0.75,0.37,0.75,0.8,0.8,0.3,1.1,0.31,0.11,0.42,0.31,0.42,Matches
532,Nikola Vukčević\4442fbcd,me MNE,MF,Levante,30-034,1991,4,0,111,1.2,0,0,0,0,0,1,0,0.00,0.00,0.00,0.00,0.00,0.0,0.0,0.0,0.0,0.01,0.03,0.04,0.01,0.04,Matches
533,Daniel Wass\d83bbc54,dk DEN,MF,Valencia,32-230,1989,19,19,1582,17.6,1,1,1,0,0,6,0,0.06,0.06,0.11,0.06,0.11,1.8,1.8,0.6,2.4,0.10,0.03,0.14,0.10,0.14,Matches
534,Iñaki Williams\6a99e0b1,es ESP,FW,Athletic Club,27-215,1994,21,19,1653,18.4,5,2,5,0,0,1,0,0.27,0.11,0.38,0.27,0.38,6.8,6.8,3.9,10.7,0.37,0.21,0.58,0.37,0.58,Matches
535,Nico Williams\afdc14d7,es ESP,MF,Athletic Club,19-188,2002,21,6,836,9.3,0,0,0,0,0,2,0,0.00,0.00,0.00,0.00,0.00,2.4,2.4,1.1,3.5,0.25,0.12,0.38,0.25,0.38,Matches
536,Okay Yokuşlu\e49ce451,tr TUR,DFMF,Celta Vigo,27-313,1994,7,1,128,1.4,0,0,0,0,0,0,0,0.00,0.00,0.00,0.00,0.00,0.2,0.2,0.0,0.2,0.16,0.00,0.16,0.16,0.16,Matches
537,Joseba Zaldúa\5ca20b7a,es ESP,DF,Real Sociedad,29-206,1992,13,8,683,7.6,0,0,0,0,0,2,0,0.00,0.00,0.00,0.00,0.00,0.0,0.0,0.3,0.3,0.00,0.04,0.04,0.00,0.04,Matches
538,Oier Zarraga\968a1c2f,es ESP,MF,Athletic Club,23-012,1999,16,4,603,6.7,0,0,0,0,0,3,0,0.00,0.00,0.00,0.00,0.00,0.4,0.4,0.2,0.6,0.06,0.03,0.08,0.06,0.08,Matches
539,Luca Zidane\c818c4d9,fr FRA,GKMF,Rayo Vallecano,23-248,1998,3,3,195,2.2,0,0,0,0,0,0,1,0.00,0.00,0.00,0.00,0.00,0.0,0.0,0.0,0.0,0.00,0.00,0.00,0.00,0.00,Matches
540,Igor Zubeldia\5c7845f6,es ESP,DFMF,Real Sociedad,24-292,1997,12,7,657,7.3,0,1,0,0,0,3,0,0.00,0.14,0.14,0.00,0.14,0.4,0.4,0.0,0.4,0.06,0.00,0.06,0.06,0.06,Matches
541,Martín Zubimendi\3ee0dd59,es ESP,MF,Real Sociedad,22-348,1999,19,13,1285,14.3,0,1,0,0,0,2,0,0.00,0.07,0.07,0.00,0.07,0.4,0.4,0.4,0.8,0.03,0.03,0.05,0.03,0.05,Matches